date,Total.Prec,Mean.Temp,Max.Temp,Min.Temp
2006-12-01,4.5,NA,NA,NA
2006-12-02,0.1,NA,NA,NA
2006-12-03,12.1,NA,NA,NA
2006-12-04,10.3,NA,NA,NA
2006-12-05,2.4,NA,NA,NA
2006-12-06,16,NA,NA,NA
2006-12-07,7.5,NA,NA,NA
2006-12-08,9,NA,NA,NA
2006-12-09,1.1,NA,NA,NA
2006-12-10,2.6,NA,NA,NA
2006-12-11,11.4,NA,NA,NA
2006-12-12,47,NA,NA,NA
2006-12-13,6.8,NA,NA,NA
2006-12-14,8.1,NA,NA,NA
2006-12-15,3.8,NA,NA,NA
2006-12-16,0.1,NA,NA,NA
2006-12-17,4.4,NA,NA,NA
2006-12-18,0.7,NA,NA,NA
2006-12-19,0.3,NA,NA,NA
2006-12-20,1.3,NA,NA,NA
2006-12-21,53.5,NA,NA,NA
2006-12-22,22.7,NA,NA,NA
2006-12-23,14.5,NA,NA,NA
2006-12-24,4.3,NA,NA,NA
2006-12-25,23.4,NA,NA,NA
2006-12-26,9.8,NA,NA,NA
2006-12-27,0.1,NA,NA,NA
2006-12-28,0.3,NA,NA,NA
2006-12-29,NA,NA,NA,NA
2006-12-30,NA,NA,NA,NA
2006-12-31,NA,NA,NA,NA
2007-01-01,48,NA,NA,NA
2007-01-02,10.2,NA,NA,NA
2007-01-03,23.2,NA,NA,NA
2007-01-04,31,NA,NA,NA
2007-01-05,18.9,NA,NA,NA
2007-01-06,25.4,NA,NA,NA
2007-01-07,48.1,NA,NA,NA
2007-01-08,23.1,NA,NA,NA
2007-01-09,25.3,NA,NA,NA
2007-01-10,5.2,NA,NA,NA
2007-01-11,21.2,NA,NA,NA
2007-01-12,25,NA,NA,NA
2007-01-13,13.5,NA,NA,NA
2007-01-14,6,NA,NA,NA
2007-01-15,8,NA,NA,NA
2007-01-16,24.5,NA,NA,NA
2007-01-17,21.7,NA,NA,NA
2007-01-18,12,NA,NA,NA
2007-01-19,8,NA,NA,NA
2007-01-20,28,NA,NA,NA
2007-01-21,4.3,NA,NA,NA
2007-01-22,4.2,NA,NA,NA
2007-01-23,9.5,NA,NA,NA
2007-01-24,3.2,NA,NA,NA
2007-01-25,2.4,NA,NA,NA
2007-01-26,10.8,NA,NA,NA
2007-01-27,22.0,NA,NA,NA
2007-01-28,3.9,NA,NA,NA
2007-01-29,43.6,NA,NA,NA
2007-01-30,46.5,NA,NA,NA
2007-01-31,46.2,NA,NA,NA
2007-02-01,2.3,NA,NA,NA
2007-02-02,11.2,NA,NA,NA
2007-02-03,33.1,NA,NA,NA
2007-02-04,10.1,NA,NA,NA
2007-02-05,11.3,NA,NA,NA
2007-02-06,10.9,NA,NA,NA
2007-02-07,33.5,NA,NA,NA
2007-02-08,51.9,NA,NA,NA
2007-02-09,53.2,NA,NA,NA
2007-02-10,35.3,NA,NA,NA
2007-02-11,33.9,NA,NA,NA
2007-02-12,11.9,NA,NA,NA
2007-02-13,10.9,NA,NA,NA
2007-02-14,17.3,NA,NA,NA
2007-02-15,13.4,NA,NA,NA
2007-02-16,11.2,NA,NA,NA
2007-02-17,12.9,NA,NA,NA
2007-02-18,9.1,NA,NA,NA
2007-02-19,5.2,NA,NA,NA
2007-02-20,43.1,NA,NA,NA
2007-02-21,33.9,NA,NA,NA
2007-02-22,39.3,NA,NA,NA
2007-02-23,35.1,NA,NA,NA
2007-02-24,31.2,NA,NA,NA
2007-02-25,32.1,NA,NA,NA
2007-02-26,31.2,NA,NA,NA
2007-02-27,0.0,NA,NA,NA
2007-02-28,1.8,NA,NA,NA
2007-03-01,0,NA,NA,NA
2007-03-02,2.7,NA,NA,NA
2007-03-03,10,NA,NA,NA
2007-03-04,5.1,NA,NA,NA
2007-03-05,1.1,NA,NA,NA
2007-03-06,0.5,NA,NA,NA
2007-03-07,1,NA,NA,NA
2007-03-08,2.2,NA,NA,NA
2007-03-09,8.5,NA,NA,NA
2007-03-10,8.6,NA,NA,NA
2007-03-11,8.9,NA,NA,NA
2007-03-12,2.2,NA,NA,NA
2007-03-13,3.1,NA,NA,NA
2007-03-14,3.9,NA,NA,NA
2007-03-15,8.3,NA,NA,NA
2007-03-16,7.1,NA,NA,NA
2007-03-17,18.1,NA,NA,NA
2007-03-18,21.2,NA,NA,NA
2007-03-19,33.2,NA,NA,NA
2007-03-20,11.9,NA,NA,NA
2007-03-21,22.3,NA,NA,NA
2007-03-22,60.2,NA,NA,NA
2007-03-23,83.1,NA,NA,NA
2007-03-24,14.5,NA,NA,NA
2007-03-25,0.3,NA,NA,NA
2007-03-26,11.1,NA,NA,NA
2007-03-27,8.3,NA,NA,NA
2007-03-28,41.1,NA,NA,NA
2007-03-29,31.1,NA,NA,NA
2007-03-30,81.2,NA,NA,NA
2007-03-31,0.4,NA,NA,NA
2007-04-01,18,NA,NA,NA
2007-04-02,30,NA,NA,NA
2007-04-03,61,NA,NA,NA
2007-04-04,11.4,NA,NA,NA
2007-04-05,2.2,NA,NA,NA
2007-04-06,1.8,NA,NA,NA
2007-04-07,20,NA,NA,NA
2007-04-08,53.2,NA,NA,NA
2007-04-09,37,NA,NA,NA
2007-04-10,5.1,NA,NA,NA
2007-04-11,17,NA,NA,NA
2007-04-12,42,NA,NA,NA
2007-04-13,12.9,NA,NA,NA
2007-04-14,11.3,NA,NA,NA
2007-04-15,26,NA,NA,NA
2007-04-16,25.9,NA,NA,NA
2007-04-17,19,NA,NA,NA
2007-04-18,50,NA,NA,NA
2007-04-19,36,NA,NA,NA
2007-04-20,35,NA,NA,NA
2007-04-21,0.3,NA,NA,NA
2007-04-22,0.8,NA,NA,NA
2007-04-23,35.5,NA,NA,NA
2007-04-24,6,NA,NA,NA
2007-04-25,4.4,NA,NA,NA
2007-04-26,15.0,NA,NA,NA
2007-04-27,38.0,NA,NA,NA
2007-04-28,28.9,NA,NA,NA
2007-04-29,30.0,NA,NA,NA
2007-04-30,30.0,NA,NA,NA
2007-05-01,2.3,NA,NA,NA
2007-05-02,5.1,NA,NA,NA
2007-05-03,5.3,NA,NA,NA
2007-05-04,11.2,NA,NA,NA
2007-05-05,23.1,NA,NA,NA
2007-05-06,11.3,NA,NA,NA
2007-05-07,2.1,NA,NA,NA
2007-05-08,3.1,NA,NA,NA
2007-05-09,3.1,NA,NA,NA
2007-05-10,31.2,NA,NA,NA
2007-05-11,2.3,NA,NA,NA
2007-05-12,30.4,NA,NA,NA
2007-05-13,31.2,NA,NA,NA
2007-05-14,11.9,NA,NA,NA
2007-05-15,2.3,NA,NA,NA
2007-05-16,24.1,NA,NA,NA
2007-05-17,33.2,NA,NA,NA
2007-05-18,35.3,NA,NA,NA
2007-05-19,2.1,NA,NA,NA
2007-05-20,2.3,NA,NA,NA
2007-05-21,23.1,NA,NA,NA
2007-05-22,31.2,NA,NA,NA
2007-05-23,33.4,NA,NA,NA
2007-05-24,31.2,NA,NA,NA
2007-05-25,33.2,NA,NA,NA
2007-05-26,21.7,NA,NA,NA
2007-05-27,11.0,NA,NA,NA
2007-05-28,10.4,NA,NA,NA
2007-05-29,9.3,NA,NA,NA
2007-05-30,8.9,NA,NA,NA
2007-05-31,0.0,NA,NA,NA
2007-10-01,21.1,NA,NA,NA
2007-10-02,54,NA,NA,NA
2007-10-03,61.9,NA,NA,NA
2007-10-04,8.3,NA,NA,NA
2007-10-05,93.3,NA,NA,NA
2007-10-06,31.1,NA,NA,NA
2007-10-07,10.9,NA,NA,NA
2007-10-08,66.9,NA,NA,NA
2007-10-09,83.1,NA,NA,NA
2007-10-10,0.3,NA,NA,NA
2007-10-11,3.8,NA,NA,NA
2007-10-12,12.1,NA,NA,NA
2007-10-13,6.9,NA,NA,NA
2007-10-14,9.6,NA,NA,NA
2007-10-15,1.1,NA,NA,NA
2007-10-16,11.1,NA,NA,NA
2007-10-17,3.4,NA,NA,NA
2007-10-18,4.3,NA,NA,NA
2007-10-19,11.2,NA,NA,NA
2007-10-20,33.2,NA,NA,NA
2007-10-21,23.1,NA,NA,NA
2007-10-22,17.3,NA,NA,NA
2007-10-23,15.2,NA,NA,NA
2007-10-24,11.1,NA,NA,NA
2007-10-25,23.2,NA,NA,NA
2007-10-26,34.3,NA,NA,NA
2007-10-27,12.2,NA,NA,NA
2007-10-28,11.3,NA,NA,NA
2007-10-29,0.3,NA,NA,NA
2007-10-30,2.1,NA,NA,NA
2007-10-31,33.2,NA,NA,NA
2008-03-01,2.1,NA,NA,NA
2008-03-02,0.1,NA,NA,NA
2008-03-03,0,NA,NA,NA
2008-03-04,0.1,NA,NA,NA
2008-03-05,1.3,NA,NA,NA
2008-03-06,0,NA,NA,NA
2008-03-07,0,NA,NA,NA
2008-03-08,2.3,NA,NA,NA
2008-03-09,0.9,NA,NA,NA
2008-03-10,0,NA,NA,NA
2008-03-11,1.2,NA,NA,NA
2008-03-12,0.9,NA,NA,NA
2008-03-13,12.3,NA,NA,NA
2008-03-14,13.1,NA,NA,NA
2008-03-15,9,NA,NA,NA
2008-03-16,1.9,NA,NA,NA
2008-03-17,3.2,NA,NA,NA
2008-03-18,0.1,NA,NA,NA
2008-03-19,0,NA,NA,NA
2008-03-20,0.1,NA,NA,NA
2008-03-21,0.1,NA,NA,NA
2008-03-22,5.7,NA,NA,NA
2008-03-23,5.1,NA,NA,NA
2008-03-24,3.7,NA,NA,NA
2008-03-25,10.1,NA,NA,NA
2008-03-26,3.3,NA,NA,NA
2008-03-27,1.7,NA,NA,NA
2008-03-28,2.1,NA,NA,NA
2008-03-29,5.7,NA,NA,NA
2008-03-30,0.0,NA,NA,NA
2008-03-31,0.7,NA,NA,NA
2008-04-01,2.9,NA,NA,NA
2008-04-02,12.2,NA,NA,NA
2008-04-03,1.7,NA,NA,NA
2008-04-04,6.7,NA,NA,NA
2008-04-05,5.3,NA,NA,NA
2008-04-06,1.1,NA,NA,NA
2008-04-07,0,NA,NA,NA
2008-04-08,0.1,NA,NA,NA
2008-04-09,0,NA,NA,NA
2008-04-10,0.2,NA,NA,NA
2008-04-11,0,NA,NA,NA
2008-04-12,0.1,NA,NA,NA
2008-04-13,0,NA,NA,NA
2008-04-14,0.7,NA,NA,NA
2008-04-15,0,NA,NA,NA
2008-04-16,0.3,NA,NA,NA
2008-04-17,13.1,NA,NA,NA
2008-04-18,3.3,NA,NA,NA
2008-04-19,2.7,NA,NA,NA
2008-04-20,6.9,NA,NA,NA
2008-04-21,4.9,NA,NA,NA
2008-04-22,9.1,NA,NA,NA
2008-04-23,1.9,NA,NA,NA
2008-04-24,2.1,NA,NA,NA
2008-04-25,0,NA,NA,NA
2008-04-26,1.2,NA,NA,NA
2008-04-27,0.1,NA,NA,NA
2008-04-28,0.1,NA,NA,NA
2008-04-29,0.0,NA,NA,NA
2008-04-30,1.2,NA,NA,NA
2008-05-01,2.1,NA,NA,NA
2008-05-02,1.2,NA,NA,NA
2008-05-03,15.7,NA,NA,NA
2008-05-04,14.1,NA,NA,NA
2008-05-05,12.4,NA,NA,NA
2008-05-06,24.8,NA,NA,NA
2008-05-07,3.4,NA,NA,NA
2008-05-08,1.8,NA,NA,NA
2008-05-09,13.1,NA,NA,NA
2008-05-10,13.3,NA,NA,NA
2008-05-11,13.1,NA,NA,NA
2008-05-12,13.7,NA,NA,NA
2008-05-13,0,NA,NA,NA
2008-05-14,0.1,NA,NA,NA
2008-05-15,1.7,NA,NA,NA
2008-05-16,11,NA,NA,NA
2008-05-17,12.2,NA,NA,NA
2008-05-18,5.1,NA,NA,NA
2008-05-19,0.1,NA,NA,NA
2008-05-20,0.1,NA,NA,NA
2008-05-21,0,NA,NA,NA
2008-05-22,0.3,NA,NA,NA
2008-05-23,0.1,NA,NA,NA
2008-05-24,2.1,NA,NA,NA
2008-05-25,0.1,NA,NA,NA
2008-05-26,0.0,NA,NA,NA
2008-05-27,0.0,NA,NA,NA
2008-05-28,0.1,NA,NA,NA
2008-05-29,1.2,NA,NA,NA
2008-05-30,1.1,NA,NA,NA
2008-05-31,0.1,NA,NA,NA
2008-06-01,1.1,NA,NA,NA
2008-06-02,0.1,NA,NA,NA
2008-06-03,2.1,NA,NA,NA
2008-06-04,1.2,NA,NA,NA
2008-06-05,8.1,NA,NA,NA
2008-06-06,11.3,NA,NA,NA
2008-06-07,0.2,NA,NA,NA
2008-06-08,0.1,NA,NA,NA
2008-06-09,0.3,NA,NA,NA
2008-06-10,55.1,NA,NA,NA
2008-06-11,4.3,NA,NA,NA
2008-06-12,13.1,NA,NA,NA
2008-06-13,14.3,NA,NA,NA
2008-06-14,2.1,NA,NA,NA
2008-06-15,0.1,NA,NA,NA
2008-06-16,0.1,NA,NA,NA
2008-06-17,0.1,NA,NA,NA
2008-06-18,3.8,NA,NA,NA
2008-06-19,3.3,NA,NA,NA
2008-06-20,4.9,NA,NA,NA
2008-06-21,21.3,NA,NA,NA
2008-06-22,3.4,NA,NA,NA
2008-06-23,14.1,NA,NA,NA
2008-06-24,0,NA,NA,NA
2008-06-25,0.7,NA,NA,NA
2008-06-26,0.1,NA,NA,NA
2008-06-27,0.0,NA,NA,NA
2008-06-28,0.0,NA,NA,NA
2008-06-29,0.0,NA,NA,NA
2008-06-30,0.1,NA,NA,NA
2008-07-01,2,NA,NA,NA
2008-07-02,1.1,NA,NA,NA
2008-07-03,0.1,NA,NA,NA
2008-07-04,0.1,NA,NA,NA
2008-07-05,3.1,NA,NA,NA
2008-07-06,1,NA,NA,NA
2008-07-07,2.1,NA,NA,NA
2008-07-08,1.7,NA,NA,NA
2008-07-09,0,NA,NA,NA
2008-07-10,0.1,NA,NA,NA
2008-07-11,2.3,NA,NA,NA
2008-07-12,2.8,NA,NA,NA
2008-07-13,5.2,NA,NA,NA
2008-07-14,0.1,NA,NA,NA
2008-07-15,3.2,NA,NA,NA
2008-07-16,0.1,NA,NA,NA
2008-07-17,2.4,NA,NA,NA
2008-07-18,4.6,NA,NA,NA
2008-07-19,0.1,NA,NA,NA
2008-07-20,3.8,NA,NA,NA
2008-07-21,3.2,NA,NA,NA
2008-07-22,1.6,NA,NA,NA
2008-07-23,2.4,NA,NA,NA
2008-07-24,4.6,NA,NA,NA
2008-07-25,2,NA,NA,NA
2008-07-26,18.2,NA,NA,NA
2008-07-27,0.1,NA,NA,NA
2008-07-28,1.6,NA,NA,NA
2008-07-29,3.2,NA,NA,NA
2008-07-30,1.9,NA,NA,NA
2008-07-31,2.3,NA,NA,NA
2008-08-01,13.1,NA,NA,NA
2008-08-02,9.1,NA,NA,NA
2008-08-03,3.3,NA,NA,NA
2008-08-04,0,NA,NA,NA
2008-08-05,0,NA,NA,NA
2008-08-06,0,NA,NA,NA
2008-08-07,0,NA,NA,NA
2008-08-08,0,NA,NA,NA
2008-08-09,0,NA,NA,NA
2008-08-10,0,NA,NA,NA
2008-08-11,15.7,NA,NA,NA
2008-08-12,2.9,NA,NA,NA
2008-08-13,0.1,NA,NA,NA
2008-08-14,1.1,NA,NA,NA
2008-08-15,0.7,NA,NA,NA
2008-08-16,0.2,NA,NA,NA
2008-08-17,0,NA,NA,NA
2008-08-18,5.7,NA,NA,NA
2008-08-19,6.1,NA,NA,NA
2008-08-20,3.3,NA,NA,NA
2008-08-21,2.9,NA,NA,NA
2008-08-22,5.7,NA,NA,NA
2008-08-23,4.1,NA,NA,NA
2008-08-24,3.7,NA,NA,NA
2008-08-25,0,NA,NA,NA
2008-08-26,0.0,NA,NA,NA
2008-08-27,0.7,NA,NA,NA
2008-08-28,0.3,NA,NA,NA
2008-08-29,0.0,NA,NA,NA
2008-08-30,0.0,NA,NA,NA
2008-08-31,6.0,NA,NA,NA
2008-09-01,0,NA,NA,NA
2008-09-02,0.1,NA,NA,NA
2008-09-03,0.3,NA,NA,NA
2008-09-04,0.1,NA,NA,NA
2008-09-05,1.7,NA,NA,NA
2008-09-06,2.1,NA,NA,NA
2008-09-07,0.1,NA,NA,NA
2008-09-08,3.3,NA,NA,NA
2008-09-09,0,NA,NA,NA
2008-09-10,0.6,NA,NA,NA
2008-09-11,0,NA,NA,NA
2008-09-12,1.2,NA,NA,NA
2008-09-13,0.1,NA,NA,NA
2008-09-14,9.7,NA,NA,NA
2008-09-15,7.1,NA,NA,NA
2008-09-16,0,NA,NA,NA
2008-09-17,0,NA,NA,NA
2008-09-18,3.1,NA,NA,NA
2008-09-19,0,NA,NA,NA
2008-09-20,3.1,NA,NA,NA
2008-09-21,9.7,NA,NA,NA
2008-09-22,2.4,NA,NA,NA
2008-09-23,5.7,NA,NA,NA
2008-09-24,9.1,NA,NA,NA
2008-09-25,10.4,NA,NA,NA
2008-09-26,3.9,NA,NA,NA
2008-09-27,0.9,NA,NA,NA
2008-09-28,1.1,NA,NA,NA
2008-09-29,1.0,NA,NA,NA
2008-09-30,0.0,NA,NA,NA
2010-12-01,370.9,NA,NA,NA
2010-12-02,16,NA,NA,NA
2010-12-03,200.9,NA,NA,NA
2010-12-04,12.5,NA,NA,NA
2010-12-05,97.8,NA,NA,NA
2010-12-06,21.3,NA,NA,NA
2010-12-07,0,NA,NA,NA
2010-12-08,0.1,NA,NA,NA
2010-12-09,12.6,NA,NA,NA
2010-12-10,0,NA,NA,NA
2010-12-11,0,NA,NA,NA
2010-12-12,0,NA,NA,NA
2010-12-13,10.1,NA,NA,NA
2010-12-14,13.6,NA,NA,NA
2010-12-15,12.7,NA,NA,NA
2010-12-16,17.7,NA,NA,NA
2010-12-17,7.6,NA,NA,NA
2010-12-18,18.1,NA,NA,NA
2010-12-19,13.5,NA,NA,NA
2010-12-20,0.4,NA,NA,NA
2010-12-21,0,NA,NA,NA
2010-12-22,0.3,NA,NA,NA
2010-12-23,6.4,NA,NA,NA
2010-12-24,0.4,NA,NA,NA
2010-12-25,0.4,NA,NA,NA
2010-12-26,217.2,NA,NA,NA
2010-12-27,158.4,NA,NA,NA
2010-12-28,229.4,NA,NA,NA
2010-12-29,35.0,NA,NA,NA
2010-12-30,210.5,NA,NA,NA
2010-12-31,18.0,NA,NA,NA
2011-01-01,0,NA,NA,NA
2011-01-02,0.4,NA,NA,NA
2011-01-03,0,NA,NA,NA
2011-01-04,11.2,NA,NA,NA
2011-01-05,1.4,NA,NA,NA
2011-01-06,0.3,NA,NA,NA
2011-01-07,0,NA,NA,NA
2011-01-08,0,NA,NA,NA
2011-01-09,8.6,NA,NA,NA
2011-01-10,20.4,NA,NA,NA
2011-01-11,7.3,NA,NA,NA
2011-01-12,0,NA,NA,NA
2011-01-13,0.4,NA,NA,NA
2011-01-14,5.5,NA,NA,NA
2011-01-15,2.6,NA,NA,NA
2011-01-16,8.2,NA,NA,NA
2011-01-17,0.4,NA,NA,NA
2011-01-18,0,NA,NA,NA
2011-01-19,0,NA,NA,NA
2011-01-20,0,NA,NA,NA
2011-01-21,0,NA,NA,NA
2011-01-22,0,NA,NA,NA
2011-01-23,0,NA,NA,NA
2011-01-24,0,NA,NA,NA
2011-01-25,0,NA,NA,NA
2011-01-26,0.0,NA,NA,NA
2011-01-27,0.0,NA,NA,NA
2011-01-28,0.0,NA,NA,NA
2011-01-29,0.0,NA,NA,NA
2011-01-30,0.0,NA,NA,NA
2011-01-31,0.0,NA,NA,NA
2011-02-01,0,NA,NA,NA
2011-02-02,0,NA,NA,NA
2011-02-03,0,NA,NA,NA
2011-02-04,0,NA,NA,NA
2011-02-05,0,NA,NA,NA
2011-02-06,11.4,NA,NA,NA
2011-02-07,16.7,NA,NA,NA
2011-02-08,97.5,NA,NA,NA
2011-02-09,12,NA,NA,NA
2011-02-10,11,NA,NA,NA
2011-02-11,22.2,NA,NA,NA
2011-02-12,28.4,NA,NA,NA
2011-02-13,21.2,NA,NA,NA
2011-02-14,21.7,NA,NA,NA
2011-02-15,43.9,NA,NA,NA
2011-02-16,35.5,NA,NA,NA
2011-02-17,28.3,NA,NA,NA
2011-02-18,47.9,NA,NA,NA
2011-02-19,16.6,NA,NA,NA
2011-02-20,27.1,NA,NA,NA
2011-02-21,38.5,NA,NA,NA
2011-02-22,43.2,NA,NA,NA
2011-02-23,21.9,NA,NA,NA
2011-02-24,19.4,NA,NA,NA
2011-02-25,21.4,NA,NA,NA
2011-02-26,5.2,NA,NA,NA
2011-02-27,NA,NA,NA,NA
2011-02-28,NA,NA,NA,NA
2011-08-01,0,NA,NA,NA
2011-08-02,0.5,NA,NA,NA
2011-08-03,0.3,NA,NA,NA
2011-08-04,0,NA,NA,NA
2011-08-05,0,NA,NA,NA
2011-08-06,0,NA,NA,NA
2011-08-07,0,NA,NA,NA
2011-08-08,0,NA,NA,NA
2011-08-09,0,NA,NA,NA
2011-08-10,0,NA,NA,NA
2011-08-11,0,NA,NA,NA
2011-08-12,0,NA,NA,NA
2011-08-13,0,NA,NA,NA
2011-08-14,0,NA,NA,NA
2011-08-15,0,NA,NA,NA
2011-08-16,0,NA,NA,NA
2011-08-17,0,NA,NA,NA
2011-08-18,0,NA,NA,NA
2011-08-19,0.5,NA,NA,NA
2011-08-20,0.2,NA,NA,NA
2011-08-21,0.1,NA,NA,NA
2011-08-22,26.5,NA,NA,NA
2011-08-23,39.1,NA,NA,NA
2011-08-24,62.5,NA,NA,NA
2011-08-25,61.7,NA,NA,NA
2011-08-26,15.9,NA,NA,NA
2011-08-27,32.7,NA,NA,NA
2011-08-28,28.2,NA,NA,NA
2011-08-29,45.5,NA,NA,NA
2011-08-30,16.9,NA,NA,NA
2011-08-31,42.6,NA,NA,NA
2011-12-01,7.4,NA,NA,NA
2011-12-02,8.6,NA,NA,NA
2011-12-03,0.4,NA,NA,NA
2011-12-04,143.2,NA,NA,NA
2011-12-05,96.3,NA,NA,NA
2011-12-06,0,NA,NA,NA
2011-12-07,0,NA,NA,NA
2011-12-08,0,NA,NA,NA
2011-12-09,0,NA,NA,NA
2011-12-10,0,NA,NA,NA
2011-12-11,0,NA,NA,NA
2011-12-12,0,NA,NA,NA
2011-12-13,0,NA,NA,NA
2011-12-14,64.4,NA,NA,NA
2011-12-15,35.1,NA,NA,NA
2011-12-16,0,NA,NA,NA
2011-12-17,0,NA,NA,NA
2011-12-18,0,NA,NA,NA
2011-12-19,0.3,NA,NA,NA
2011-12-20,0.2,NA,NA,NA
2011-12-21,5.2,NA,NA,NA
2011-12-22,1.1,NA,NA,NA
2011-12-23,18.4,NA,NA,NA
2011-12-24,18.2,NA,NA,NA
2011-12-25,33.1,NA,NA,NA
2011-12-26,0.4,NA,NA,NA
2011-12-27,1.4,NA,NA,NA
2011-12-28,10.0,NA,NA,NA
2011-12-29,49.3,NA,NA,NA
2011-12-30,63.2,NA,NA,NA
2011-12-31,15.2,NA,NA,NA
2012-01-01,0,NA,NA,NA
2012-01-02,3.1,NA,NA,NA
2012-01-03,45.1,NA,NA,NA
2012-01-04,5.6,NA,NA,NA
2012-01-05,0,NA,NA,NA
2012-01-06,0,NA,NA,NA
2012-01-07,0.3,NA,NA,NA
2012-01-08,0.1,NA,NA,NA
2012-01-09,0,NA,NA,NA
2012-01-10,0,NA,NA,NA
2012-01-11,0.2,NA,NA,NA
2012-01-12,0.3,NA,NA,NA
2012-01-13,3,NA,NA,NA
2012-01-14,24.5,NA,NA,NA
2012-01-15,34.9,NA,NA,NA
2012-01-16,25.3,NA,NA,NA
2012-01-17,18.6,NA,NA,NA
2012-01-18,36.8,NA,NA,NA
2012-01-19,17.4,NA,NA,NA
2012-01-20,24,NA,NA,NA
2012-01-21,31,NA,NA,NA
2012-01-22,20.4,NA,NA,NA
2012-01-23,23.1,NA,NA,NA
2012-01-24,25.2,NA,NA,NA
2012-01-25,13.5,NA,NA,NA
2012-01-26,42.1,NA,NA,NA
2012-01-27,13.7,NA,NA,NA
2012-01-28,37.4,NA,NA,NA
2012-01-29,42.8,NA,NA,NA
2012-01-30,25.6,NA,NA,NA
2012-01-31,36.3,NA,NA,NA
2012-02-01,48.9,NA,NA,NA
2012-02-02,53.3,NA,NA,NA
2012-02-03,33.1,NA,NA,NA
2012-02-04,25.4,NA,NA,NA
2012-02-05,33.8,NA,NA,NA
2012-02-06,13.6,NA,NA,NA
2012-02-07,0.4,NA,NA,NA
2012-02-08,0,NA,NA,NA
2012-02-09,3.1,NA,NA,NA
2012-02-10,0,NA,NA,NA
2012-02-11,0.5,NA,NA,NA
2012-02-12,0.3,NA,NA,NA
2012-02-13,37.3,NA,NA,NA
2012-02-14,26.4,NA,NA,NA
2012-02-15,NA,NA,NA,NA
2012-02-16,NA,NA,NA,NA
2012-02-17,NA,NA,NA,NA
2012-02-18,NA,NA,NA,NA
2012-02-19,NA,NA,NA,NA
2012-02-20,NA,NA,NA,NA
2012-02-21,NA,NA,NA,NA
2012-02-22,NA,NA,NA,NA
2012-02-23,NA,NA,NA,NA
2012-02-24,NA,NA,NA,NA
2012-02-25,NA,NA,NA,NA
2012-02-26,NA,NA,NA,NA
2012-02-27,NA,NA,NA,NA
2012-02-28,NA,NA,NA,NA
2012-02-29,NA,NA,NA,NA
2012-03-01,166.3,NA,NA,NA
2012-03-02,68.1,NA,NA,NA
2012-03-03,80.4,NA,NA,NA
2012-03-04,35.7,NA,NA,NA
2012-03-05,60.6,NA,NA,NA
2012-03-06,106.3,NA,NA,NA
2012-03-07,36.6,NA,NA,NA
2012-03-08,103,NA,NA,NA
2012-03-09,204.3,NA,NA,NA
2012-03-10,107.2,NA,NA,NA
2012-03-11,59.4,NA,NA,NA
2012-03-12,115.5,NA,NA,NA
2012-03-13,100.8,NA,NA,NA
2012-03-14,15.7,NA,NA,NA
2012-03-15,9.3,NA,NA,NA
2012-03-16,7.3,NA,NA,NA
2012-03-17,0,NA,NA,NA
2012-03-18,3.2,NA,NA,NA
2012-03-19,5.7,NA,NA,NA
2012-03-20,0.1,NA,NA,NA
2012-03-21,10.3,NA,NA,NA
2012-03-22,84.8,NA,NA,NA
2012-03-23,32.6,NA,NA,NA
2012-03-24,0.3,NA,NA,NA
2012-03-25,8.5,NA,NA,NA
2012-03-26,14.6,NA,NA,NA
2012-03-27,10.2,NA,NA,NA
2012-03-28,163.8,NA,NA,NA
2012-03-29,150.9,NA,NA,NA
2012-03-30,50.2,NA,NA,NA
2012-03-31,4.5,NA,NA,NA
2012-04-01,0.5,NA,NA,NA
2012-04-02,1.2,NA,NA,NA
2012-04-03,0,NA,NA,NA
2012-04-04,0,NA,NA,NA
2012-04-05,0,NA,NA,NA
2012-04-06,0,NA,NA,NA
2012-04-07,0.3,NA,NA,NA
2012-04-08,2.3,NA,NA,NA
2012-04-09,0,NA,NA,NA
2012-04-10,5.1,NA,NA,NA
2012-04-11,0,NA,NA,NA
2012-04-12,15.2,NA,NA,NA
2012-04-13,0,NA,NA,NA
2012-04-14,0,NA,NA,NA
2012-04-15,14.1,NA,NA,NA
2012-04-16,74.3,NA,NA,NA
2012-04-17,151.2,NA,NA,NA
2012-04-18,40.2,NA,NA,NA
2012-04-19,95.8,NA,NA,NA
2012-04-20,24.5,NA,NA,NA
2012-04-21,62.8,NA,NA,NA
2012-04-22,155.7,NA,NA,NA
2012-04-23,51.2,NA,NA,NA
2012-04-24,0,NA,NA,NA
2012-04-25,0.3,NA,NA,NA
2012-04-26,0.8,NA,NA,NA
2012-04-27,0.4,NA,NA,NA
2012-04-28,12.3,NA,NA,NA
2012-04-29,10.1,NA,NA,NA
2012-04-30,11.7,NA,NA,NA
2012-05-01,18.5,NA,NA,NA
2012-05-02,8.2,NA,NA,NA
2012-05-03,0,NA,NA,NA
2012-05-04,10.3,NA,NA,NA
2012-05-05,34.1,NA,NA,NA
2012-05-06,10.1,NA,NA,NA
2012-05-07,20.4,NA,NA,NA
2012-05-08,10.1,NA,NA,NA
2012-05-09,0,NA,NA,NA
2012-05-10,0,NA,NA,NA
2012-05-11,0,NA,NA,NA
2012-05-12,0,NA,NA,NA
2012-05-13,0,NA,NA,NA
2012-05-14,0,NA,NA,NA
2012-05-15,18.6,NA,NA,NA
2012-05-16,28.2,NA,NA,NA
2012-05-17,46,NA,NA,NA
2012-05-18,160.5,NA,NA,NA
2012-05-19,8.1,NA,NA,NA
2012-05-20,0.3,NA,NA,NA
2012-05-21,0.5,NA,NA,NA
2012-05-22,0.3,NA,NA,NA
2012-05-23,16.2,NA,NA,NA
2012-05-24,141.8,NA,NA,NA
2012-05-25,8.3,NA,NA,NA
2012-05-26,0.0,NA,NA,NA
2012-05-27,0.0,NA,NA,NA
2012-05-28,0.0,NA,NA,NA
2012-05-29,0.0,NA,NA,NA
2012-05-30,80.2,NA,NA,NA
2012-05-31,146.2,NA,NA,NA
2012-06-01,58.6,NA,NA,NA
2012-06-02,27.5,NA,NA,NA
2012-06-03,25.4,NA,NA,NA
2012-06-04,114.4,NA,NA,NA
2012-06-05,53.3,NA,NA,NA
2012-06-06,42.4,NA,NA,NA
2012-06-07,95.6,NA,NA,NA
2012-06-08,74.6,NA,NA,NA
2012-06-09,51.5,NA,NA,NA
2012-06-10,31.4,NA,NA,NA
2012-06-11,0.1,NA,NA,NA
2012-06-12,0.3,NA,NA,NA
2012-06-13,15.4,NA,NA,NA
2012-06-14,25.8,NA,NA,NA
2012-06-15,0.4,NA,NA,NA
2012-06-16,0,NA,NA,NA
2012-06-17,70.8,NA,NA,NA
2012-06-18,5.1,NA,NA,NA
2012-06-19,15.1,NA,NA,NA
2012-06-20,3.4,NA,NA,NA
2012-06-21,5.1,NA,NA,NA
2012-06-22,0,NA,NA,NA
2012-06-23,0,NA,NA,NA
2012-06-24,0,NA,NA,NA
2012-06-25,0,NA,NA,NA
2012-06-26,0.0,NA,NA,NA
2012-06-27,170.4,NA,NA,NA
2012-06-28,0.7,NA,NA,NA
2012-06-29,5.1,NA,NA,NA
2012-06-30,0.2,NA,NA,NA
2012-07-01,0.4,NA,NA,NA
2012-07-02,0,NA,NA,NA
2012-07-03,0,NA,NA,NA
2012-07-04,7.3,NA,NA,NA
2012-07-05,20.9,NA,NA,NA
2012-07-06,172.1,NA,NA,NA
2012-07-07,250.3,NA,NA,NA
2012-07-08,115.1,NA,NA,NA
2012-07-09,222.1,NA,NA,NA
2012-07-10,135.7,NA,NA,NA
2012-07-11,30.6,NA,NA,NA
2012-07-12,0,NA,NA,NA
2012-07-13,0,NA,NA,NA
2012-07-14,0,NA,NA,NA
2012-07-15,0,NA,NA,NA
2012-07-16,0,NA,NA,NA
2012-07-17,0,NA,NA,NA
2012-07-18,0,NA,NA,NA
2012-07-19,0.2,NA,NA,NA
2012-07-20,0.4,NA,NA,NA
2012-07-21,0.4,NA,NA,NA
2012-07-22,0.2,NA,NA,NA
2012-07-23,0,NA,NA,NA
2012-07-24,0,NA,NA,NA
2012-07-25,0,NA,NA,NA
2012-07-26,0.0,NA,NA,NA
2012-07-27,0.0,NA,NA,NA
2012-07-28,0.0,NA,NA,NA
2012-07-29,0.0,NA,NA,NA
2012-07-30,0.0,NA,NA,NA
2012-07-31,0.0,NA,NA,NA
2012-08-01,0.1,NA,NA,NA
2012-08-02,0.2,NA,NA,NA
2012-08-03,0.6,NA,NA,NA
2012-08-04,0.5,NA,NA,NA
2012-08-05,71,NA,NA,NA
2012-08-06,45.5,NA,NA,NA
2012-08-07,25.8,NA,NA,NA
2012-08-08,26.5,NA,NA,NA
2012-08-09,101.3,NA,NA,NA
2012-08-10,25.2,NA,NA,NA
2012-08-11,1.4,NA,NA,NA
2012-08-12,0.4,NA,NA,NA
2012-08-13,0.2,NA,NA,NA
2012-08-14,0,NA,NA,NA
2012-08-15,0,NA,NA,NA
2012-08-16,0,NA,NA,NA
2012-08-17,0,NA,NA,NA
2012-08-18,0,NA,NA,NA
2012-08-19,0,NA,NA,NA
2012-08-20,0,NA,NA,NA
2012-08-21,0,NA,NA,NA
2012-08-22,0,NA,NA,NA
2012-08-23,0.3,NA,NA,NA
2012-08-24,8.7,NA,NA,NA
2012-08-25,11.7,NA,NA,NA
2012-08-26,11.2,NA,NA,NA
2012-08-27,0.0,NA,NA,NA
2012-08-28,0.0,NA,NA,NA
2012-08-29,0.0,NA,NA,NA
2012-08-30,0.0,NA,NA,NA
2012-08-31,4.3,NA,NA,NA
2012-09-01,11.2,NA,NA,NA
2012-09-02,0.1,NA,NA,NA
2012-09-03,0.1,NA,NA,NA
2012-09-04,0.2,NA,NA,NA
2012-09-05,0.1,NA,NA,NA
2012-09-06,0,NA,NA,NA
2012-09-07,0,NA,NA,NA
2012-09-08,0,NA,NA,NA
2012-09-09,0,NA,NA,NA
2012-09-10,0,NA,NA,NA
2012-09-11,37.3,NA,NA,NA
2012-09-12,74.4,NA,NA,NA
2012-09-13,98.4,NA,NA,NA
2012-09-14,75.8,NA,NA,NA
2012-09-15,121.3,NA,NA,NA
2012-09-16,206.2,NA,NA,NA
2012-09-17,97.1,NA,NA,NA
2012-09-18,0,NA,NA,NA
2012-09-19,0,NA,NA,NA
2012-09-20,18.4,NA,NA,NA
2012-09-21,156.1,NA,NA,NA
2012-09-22,125.2,NA,NA,NA
2012-09-23,0.1,NA,NA,NA
2012-09-24,0,NA,NA,NA
2012-09-25,0,NA,NA,NA
2012-09-26,0.0,NA,NA,NA
2012-09-27,12.6,NA,NA,NA
2012-09-28,121.0,NA,NA,NA
2012-09-29,238.3,NA,NA,NA
2012-09-30,122.5,NA,NA,NA
2012-10-01,29.7,NA,NA,NA
2012-10-02,15.2,NA,NA,NA
2012-10-03,14.6,NA,NA,NA
2012-10-04,18.3,NA,NA,NA
2012-10-05,34.7,NA,NA,NA
2012-10-06,81.3,NA,NA,NA
2012-10-07,30.8,NA,NA,NA
2012-10-08,43.3,NA,NA,NA
2012-10-09,41.8,NA,NA,NA
2012-10-10,6.1,NA,NA,NA
2012-10-11,0,NA,NA,NA
2012-10-12,0,NA,NA,NA
2012-10-13,8.3,NA,NA,NA
2012-10-14,0,NA,NA,NA
2012-10-15,141.7,NA,NA,NA
2012-10-16,96,NA,NA,NA
2012-10-17,26.5,NA,NA,NA
2012-10-18,114.2,NA,NA,NA
2012-10-19,235.8,NA,NA,NA
2012-10-20,247.9,NA,NA,NA
2012-10-21,196.4,NA,NA,NA
2012-10-22,39.4,NA,NA,NA
2012-10-23,26.9,NA,NA,NA
2012-10-24,18.2,NA,NA,NA
2012-10-25,0.3,NA,NA,NA
2012-10-26,0.3,NA,NA,NA
2012-10-27,0.2,NA,NA,NA
2012-10-28,20.8,NA,NA,NA
2012-10-29,198.6,NA,NA,NA
2012-10-30,278.3,NA,NA,NA
2012-10-31,21.8,NA,NA,NA
2012-11-01,40.3,NA,NA,NA
2012-11-02,60.1,NA,NA,NA
2012-11-03,105.8,NA,NA,NA
2012-11-04,185,NA,NA,NA
2012-11-05,49.4,NA,NA,NA
2012-11-06,71.9,NA,NA,NA
2012-11-07,86,NA,NA,NA
2012-11-08,38.7,NA,NA,NA
2012-11-09,34.6,NA,NA,NA
2012-11-10,92.8,NA,NA,NA
2012-11-11,104.4,NA,NA,NA
2012-11-12,83.6,NA,NA,NA
2012-11-13,82.7,NA,NA,NA
2012-11-14,77,NA,NA,NA
2012-11-15,38.2,NA,NA,NA
2012-11-16,24.2,NA,NA,NA
2012-11-17,62.6,NA,NA,NA
2012-11-18,20.3,NA,NA,NA
2012-11-19,10.8,NA,NA,NA
2012-11-20,44.3,NA,NA,NA
2012-11-21,48.7,NA,NA,NA
2012-11-22,37.2,NA,NA,NA
2012-11-23,15.7,NA,NA,NA
2012-11-24,0.5,NA,NA,NA
2012-11-25,0.3,NA,NA,NA
2012-11-26,26.8,NA,NA,NA
2012-11-27,219.3,NA,NA,NA
2012-11-28,265.1,NA,NA,NA
2012-11-29,386.6,NA,NA,NA
2012-11-30,49.6,NA,NA,NA
2012-12-01,124.3,NA,NA,NA
2012-12-02,243,NA,NA,NA
2012-12-03,188.2,NA,NA,NA
2012-12-04,125.2,NA,NA,NA
2012-12-05,68.4,NA,NA,NA
2012-12-06,37.6,NA,NA,NA
2012-12-07,132.1,NA,NA,NA
2012-12-08,32.4,NA,NA,NA
2012-12-09,27.7,NA,NA,NA
2012-12-10,48.3,NA,NA,NA
2012-12-11,66.5,NA,NA,NA
2012-12-12,10.3,NA,NA,NA
2012-12-13,0.1,NA,NA,NA
2012-12-14,0.2,NA,NA,NA
2012-12-15,208.4,NA,NA,NA
2012-12-16,206.2,NA,NA,NA
2012-12-17,29.4,NA,NA,NA
2012-12-18,13.6,NA,NA,NA
2012-12-19,12.5,NA,NA,NA
2012-12-20,0.4,NA,NA,NA
2012-12-21,24.5,NA,NA,NA
2012-12-22,30.5,NA,NA,NA
2012-12-23,52.5,NA,NA,NA
2012-12-24,29.7,NA,NA,NA
2012-12-25,31.3,NA,NA,NA
2012-12-26,39.1,NA,NA,NA
2012-12-27,62.5,NA,NA,NA
2012-12-28,35.6,NA,NA,NA
2012-12-29,70.0,NA,NA,NA
2012-12-30,202.5,NA,NA,NA
2012-12-31,83.0,NA,NA,NA
2013-02-01,24.7,NA,NA,NA
2013-02-02,0.9,NA,NA,NA
2013-02-03,10.1,NA,NA,NA
2013-02-04,0,NA,NA,NA
2013-02-05,21.3,NA,NA,NA
2013-02-06,1.5,NA,NA,NA
2013-02-07,0,NA,NA,NA
2013-02-08,41.5,NA,NA,NA
2013-02-09,0.5,NA,NA,NA
2013-02-10,0,NA,NA,NA
2013-02-11,0,NA,NA,NA
2013-02-12,1.3,NA,NA,NA
2013-02-13,10.5,NA,NA,NA
2013-02-14,1,NA,NA,NA
2013-02-15,35.1,NA,NA,NA
2013-02-16,27.3,NA,NA,NA
2013-02-17,23.9,NA,NA,NA
2013-02-18,4.4,NA,NA,NA
2013-02-19,8.6,NA,NA,NA
2013-02-20,10.1,NA,NA,NA
2013-02-21,0,NA,NA,NA
2013-02-22,0.1,NA,NA,NA
2013-02-23,18.6,NA,NA,NA
2013-02-24,35.9,NA,NA,NA
2013-02-25,13.7,NA,NA,NA
2013-02-26,NA,NA,NA,NA
2013-02-27,NA,NA,NA,NA
2013-02-28,NA,NA,NA,NA
2013-03-01,0.4,NA,NA,NA
2013-03-02,2.4,NA,NA,NA
2013-03-03,1.2,NA,NA,NA
2013-03-04,14.9,NA,NA,NA
2013-03-05,0,NA,NA,NA
2013-03-06,0,NA,NA,NA
2013-03-07,18.7,NA,NA,NA
2013-03-08,7.7,NA,NA,NA
2013-03-09,6,NA,NA,NA
2013-03-10,1.2,NA,NA,NA
2013-03-11,0.1,NA,NA,NA
2013-03-12,0,NA,NA,NA
2013-03-13,2.2,NA,NA,NA
2013-03-14,21.4,NA,NA,NA
2013-03-15,15.3,NA,NA,NA
2013-03-16,0.3,NA,NA,NA
2013-03-17,13.4,NA,NA,NA
2013-03-18,2.3,NA,NA,NA
2013-03-19,0,NA,NA,NA
2013-03-20,54.3,NA,NA,NA
2013-03-21,3.5,NA,NA,NA
2013-03-22,0,NA,NA,NA
2013-03-23,0,NA,NA,NA
2013-03-24,0,NA,NA,NA
2013-03-25,11.9,NA,NA,NA
2013-03-26,21.3,NA,NA,NA
2013-03-27,7.3,NA,NA,NA
2013-03-28,11.0,NA,NA,NA
2013-03-29,0.0,NA,NA,NA
2013-03-30,0.2,NA,NA,NA
2013-03-31,9.8,NA,NA,NA
2013-04-01,11.4,NA,NA,NA
2013-04-02,2.4,NA,NA,NA
2013-04-03,47.6,NA,NA,NA
2013-04-04,7.2,NA,NA,NA
2013-04-05,0.2,NA,NA,NA
2013-04-06,0.2,NA,NA,NA
2013-04-07,14.1,NA,NA,NA
2013-04-08,2.2,NA,NA,NA
2013-04-09,11.3,NA,NA,NA
2013-04-10,5.8,NA,NA,NA
2013-04-11,1.7,NA,NA,NA
2013-04-12,42.5,NA,NA,NA
2013-04-13,26.9,NA,NA,NA
2013-04-14,19.3,NA,NA,NA
2013-04-15,0,NA,NA,NA
2013-04-16,3.7,NA,NA,NA
2013-04-17,12.1,NA,NA,NA
2013-04-18,3.3,NA,NA,NA
2013-04-19,51.2,NA,NA,NA
2013-04-20,0,NA,NA,NA
2013-04-21,68.5,NA,NA,NA
2013-04-22,0,NA,NA,NA
2013-04-23,0,NA,NA,NA
2013-04-24,0,NA,NA,NA
2013-04-25,0,NA,NA,NA
2013-04-26,0.0,NA,NA,NA
2013-04-27,0.0,NA,NA,NA
2013-04-28,0.0,NA,NA,NA
2013-04-29,38.3,NA,NA,NA
2013-04-30,0.2,NA,NA,NA
2013-05-01,47,NA,NA,NA
2013-05-02,0,NA,NA,NA
2013-05-03,0,NA,NA,NA
2013-05-04,5.3,NA,NA,NA
2013-05-05,11.6,NA,NA,NA
2013-05-06,7.1,NA,NA,NA
2013-05-07,32.3,NA,NA,NA
2013-05-08,7.1,NA,NA,NA
2013-05-09,41.7,NA,NA,NA
2013-05-10,0,NA,NA,NA
2013-05-11,56.8,NA,NA,NA
2013-05-12,7.5,NA,NA,NA
2013-05-13,6.6,NA,NA,NA
2013-05-14,3.3,NA,NA,NA
2013-05-15,22,NA,NA,NA
2013-05-16,0,NA,NA,NA
2013-05-17,8.5,NA,NA,NA
2013-05-18,3.4,NA,NA,NA
2013-05-19,21.2,NA,NA,NA
2013-05-20,13.8,NA,NA,NA
2013-05-21,4.3,NA,NA,NA
2013-05-22,0,NA,NA,NA
2013-05-23,4.1,NA,NA,NA
2013-05-24,2.7,NA,NA,NA
2013-05-25,0,NA,NA,NA
2013-05-26,13.4,NA,NA,NA
2013-05-27,19.7,NA,NA,NA
2013-05-28,0.0,NA,NA,NA
2013-05-29,0.0,NA,NA,NA
2013-05-30,38.6,NA,NA,NA
2013-05-31,0.0,NA,NA,NA
2013-06-01,0,NA,NA,NA
2013-06-02,10,NA,NA,NA
2013-06-03,19.7,NA,NA,NA
2013-06-04,31.3,NA,NA,NA
2013-06-05,0,NA,NA,NA
2013-06-06,53.2,NA,NA,NA
2013-06-07,5.7,NA,NA,NA
2013-06-08,45.3,NA,NA,NA
2013-06-09,7.3,NA,NA,NA
2013-06-10,1.3,NA,NA,NA
2013-06-11,0,NA,NA,NA
2013-06-12,57.4,NA,NA,NA
2013-06-13,12.8,NA,NA,NA
2013-06-14,6.7,NA,NA,NA
2013-06-15,1,NA,NA,NA
2013-06-16,2.7,NA,NA,NA
2013-06-17,1.2,NA,NA,NA
2013-06-18,1.7,NA,NA,NA
2013-06-19,4.3,NA,NA,NA
2013-06-20,0,NA,NA,NA
2013-06-21,0,NA,NA,NA
2013-06-22,0,NA,NA,NA
2013-06-23,9.8,NA,NA,NA
2013-06-24,0,NA,NA,NA
2013-06-25,17.8,NA,NA,NA
2013-06-26,0.0,NA,NA,NA
2013-06-27,0.0,NA,NA,NA
2013-06-28,0.0,NA,NA,NA
2013-06-29,0.0,NA,NA,NA
2013-06-30,36.2,NA,NA,NA
2013-07-01,23.7,NA,NA,NA
2013-07-02,0,NA,NA,NA
2013-07-03,31.5,NA,NA,NA
2013-07-04,5.6,NA,NA,NA
2013-07-05,11.3,NA,NA,NA
2013-07-06,0.5,NA,NA,NA
2013-07-07,24.2,NA,NA,NA
2013-07-08,6.5,NA,NA,NA
2013-07-09,7,NA,NA,NA
2013-07-10,7.5,NA,NA,NA
2013-07-11,5.3,NA,NA,NA
2013-07-12,1,NA,NA,NA
2013-07-13,0,NA,NA,NA
2013-07-14,2,NA,NA,NA
2013-07-15,5,NA,NA,NA
2013-07-16,10,NA,NA,NA
2013-07-17,24.9,NA,NA,NA
2013-07-18,0,NA,NA,NA
2013-07-19,0,NA,NA,NA
2013-07-20,0,NA,NA,NA
2013-07-21,6.3,NA,NA,NA
2013-07-22,2.7,NA,NA,NA
2013-07-23,5.1,NA,NA,NA
2013-07-24,6.3,NA,NA,NA
2013-07-25,5.3,NA,NA,NA
2013-07-26,0.0,NA,NA,NA
2013-07-27,0.0,NA,NA,NA
2013-07-28,3.0,NA,NA,NA
2013-07-29,0.3,NA,NA,NA
2013-07-30,2.1,NA,NA,NA
2013-07-31,1.0,NA,NA,NA
2013-08-01,2.8,NA,NA,NA
2013-08-02,9.3,NA,NA,NA
2013-08-03,1.8,NA,NA,NA
2013-08-04,0.9,NA,NA,NA
2013-08-05,147,NA,NA,NA
2013-08-06,1.2,NA,NA,NA
2013-08-07,0.1,NA,NA,NA
2013-08-08,0,NA,NA,NA
2013-08-09,41.4,NA,NA,NA
2013-08-10,20.6,NA,NA,NA
2013-08-11,4.5,NA,NA,NA
2013-08-12,37.5,NA,NA,NA
2013-08-13,21.3,NA,NA,NA
2013-08-14,70.8,NA,NA,NA
2013-08-15,15.2,NA,NA,NA
2013-08-16,0.8,NA,NA,NA
2013-08-17,2.7,NA,NA,NA
2013-08-18,0,NA,NA,NA
2013-08-19,0,NA,NA,NA
2013-08-20,0.1,NA,NA,NA
2013-08-21,1.2,NA,NA,NA
2013-08-22,0,NA,NA,NA
2013-08-23,0,NA,NA,NA
2013-08-24,0.5,NA,NA,NA
2013-08-25,2.6,NA,NA,NA
2013-08-26,47.6,NA,NA,NA
2013-08-27,70.8,NA,NA,NA
2013-08-28,0.1,NA,NA,NA
2013-08-29,0.0,NA,NA,NA
2013-08-30,0.0,NA,NA,NA
2013-08-31,1.2,NA,NA,NA
2013-09-01,4.1,NA,NA,NA
2013-09-02,0,NA,NA,NA
2013-09-03,0,NA,NA,NA
2013-09-04,9.8,NA,NA,NA
2013-09-05,0,NA,NA,NA
2013-09-06,0.2,NA,NA,NA
2013-09-07,2.7,NA,NA,NA
2013-09-08,11.2,NA,NA,NA
2013-09-09,2.9,NA,NA,NA
2013-09-10,0,NA,NA,NA
2013-09-11,0,NA,NA,NA
2013-09-12,0,NA,NA,NA
2013-09-13,1.7,NA,NA,NA
2013-09-14,3.6,NA,NA,NA
2013-09-15,0,NA,NA,NA
2013-09-16,0,NA,NA,NA
2013-09-17,0.7,NA,NA,NA
2013-09-18,0,NA,NA,NA
2013-09-19,6.7,NA,NA,NA
2013-09-20,0,NA,NA,NA
2013-09-21,0,NA,NA,NA
2013-09-22,21.7,NA,NA,NA
2013-09-23,59.2,NA,NA,NA
2013-09-24,23.3,NA,NA,NA
2013-09-25,7.3,NA,NA,NA
2013-09-26,21.7,NA,NA,NA
2013-09-27,0.0,NA,NA,NA
2013-09-28,0.0,NA,NA,NA
2013-09-29,0.0,NA,NA,NA
2013-09-30,12.9,NA,NA,NA
2013-10-01,28.7,NA,NA,NA
2013-10-02,35.3,NA,NA,NA
2013-10-03,7.3,NA,NA,NA
2013-10-04,0,NA,NA,NA
2013-10-05,0,NA,NA,NA
2013-10-06,3.5,NA,NA,NA
2013-10-07,37.3,NA,NA,NA
2013-10-08,15.9,NA,NA,NA
2013-10-09,0,NA,NA,NA
2013-10-10,5.3,NA,NA,NA
2013-10-11,45.1,NA,NA,NA
2013-10-12,3.2,NA,NA,NA
2013-10-13,15.1,NA,NA,NA
2013-10-14,0,NA,NA,NA
2013-10-15,0,NA,NA,NA
2013-10-16,0,NA,NA,NA
2013-10-17,0,NA,NA,NA
2013-10-18,0,NA,NA,NA
2013-10-19,0,NA,NA,NA
2013-10-20,0,NA,NA,NA
2013-10-21,39.2,NA,NA,NA
2013-10-22,14.2,NA,NA,NA
2013-10-23,2.6,NA,NA,NA
2013-10-24,0,NA,NA,NA
2013-10-25,0,NA,NA,NA
2013-10-26,0.0,NA,NA,NA
2013-10-27,7.1,NA,NA,NA
2013-10-28,0.0,NA,NA,NA
2013-10-29,0.0,NA,NA,NA
2013-10-30,0.0,NA,NA,NA
2013-10-31,21.3,NA,NA,NA
2013-11-01,16.3,NA,NA,NA
2013-11-02,10.9,NA,NA,NA
2013-11-03,0,NA,NA,NA
2013-11-04,0,NA,NA,NA
2013-11-05,0,NA,NA,NA
2013-11-06,21.6,NA,NA,NA
2013-11-07,16.7,NA,NA,NA
2013-11-08,3.1,NA,NA,NA
2013-11-09,0,NA,NA,NA
2013-11-10,0,NA,NA,NA
2013-11-11,0,NA,NA,NA
2013-11-12,0,NA,NA,NA
2013-11-13,16.7,NA,NA,NA
2013-11-14,64,NA,NA,NA
2013-11-15,0,NA,NA,NA
2013-11-16,0,NA,NA,NA
2013-11-17,0,NA,NA,NA
2013-11-18,27.6,NA,NA,NA
2013-11-19,16.7,NA,NA,NA
2013-11-20,12.3,NA,NA,NA
2013-11-21,2.2,NA,NA,NA
2013-11-22,0,NA,NA,NA
2013-11-23,11.3,NA,NA,NA
2013-11-24,47.4,NA,NA,NA
2013-11-25,0,NA,NA,NA
2013-11-26,1.1,NA,NA,NA
2013-11-27,0.0,NA,NA,NA
2013-11-28,0.0,NA,NA,NA
2013-11-29,4.4,NA,NA,NA
2013-11-30,1.3,NA,NA,NA
2013-12-01,11.8,NA,NA,NA
2013-12-02,24.5,NA,NA,NA
2013-12-03,32.3,NA,NA,NA
2013-12-04,22.4,NA,NA,NA
2013-12-05,0.5,NA,NA,NA
2013-12-06,0.5,NA,NA,NA
2013-12-07,2.4,NA,NA,NA
2013-12-08,2.1,NA,NA,NA
2013-12-09,4.2,NA,NA,NA
2013-12-10,0.2,NA,NA,NA
2013-12-11,0.1,NA,NA,NA
2013-12-12,0,NA,NA,NA
2013-12-13,0.6,NA,NA,NA
2013-12-14,10.5,NA,NA,NA
2013-12-15,23.3,NA,NA,NA
2013-12-16,2.7,NA,NA,NA
2013-12-17,0.2,NA,NA,NA
2013-12-18,18.8,NA,NA,NA
2013-12-19,1,NA,NA,NA
2013-12-20,0,NA,NA,NA
2013-12-21,0,NA,NA,NA
2013-12-22,0,NA,NA,NA
2013-12-23,0,NA,NA,NA
2013-12-24,0,NA,NA,NA
2013-12-25,0,NA,NA,NA
2013-12-26,10.4,NA,NA,NA
2013-12-27,18.5,NA,NA,NA
2013-12-28,0.0,NA,NA,NA
2013-12-29,0.9,NA,NA,NA
2013-12-30,0.0,NA,NA,NA
2013-12-31,0.0,NA,NA,NA
2014-01-01,0.4,NA,NA,NA
2014-01-02,10.4,NA,NA,NA
2014-01-03,0,NA,NA,NA
2014-01-04,0.7,NA,NA,NA
2014-01-05,12.4,NA,NA,NA
2014-01-06,0.2,NA,NA,NA
2014-01-07,0,NA,NA,NA
2014-01-08,8.8,NA,NA,NA
2014-01-09,0,NA,NA,NA
2014-01-10,0,NA,NA,NA
2014-01-11,0,NA,NA,NA
2014-01-12,0,NA,NA,NA
2014-01-13,2.5,NA,NA,NA
2014-01-14,0,NA,NA,NA
2014-01-15,0,NA,NA,NA
2014-01-16,0,NA,NA,NA
2014-01-17,12,NA,NA,NA
2014-01-18,21.9,NA,NA,NA
2014-01-19,17.1,NA,NA,NA
2014-01-20,10,NA,NA,NA
2014-01-21,0,NA,NA,NA
2014-01-22,0,NA,NA,NA
2014-01-23,0,NA,NA,NA
2014-01-24,0,NA,NA,NA
2014-01-25,0,NA,NA,NA
2014-01-26,16.4,NA,NA,NA
2014-01-27,0.0,NA,NA,NA
2014-01-28,0.0,NA,NA,NA
2014-01-29,0.0,NA,NA,NA
2014-01-30,0.0,NA,NA,NA
2014-01-31,0.0,NA,NA,NA
2014-02-01,0,NA,NA,NA
2014-02-02,4.6,NA,NA,NA
2014-02-03,0,NA,NA,NA
2014-02-04,0,NA,NA,NA
2014-02-05,31.5,NA,NA,NA
2014-02-06,12.7,NA,NA,NA
2014-02-07,0,NA,NA,NA
2014-02-08,2.5,NA,NA,NA
2014-02-09,0,NA,NA,NA
2014-02-10,23,NA,NA,NA
2014-02-11,0,NA,NA,NA
2014-02-12,0.5,NA,NA,NA
2014-02-13,0,NA,NA,NA
2014-02-14,6.5,NA,NA,NA
2014-02-15,1.7,NA,NA,NA
2014-02-16,0,NA,NA,NA
2014-02-17,0,NA,NA,NA
2014-02-18,26.1,NA,NA,NA
2014-02-19,0,NA,NA,NA
2014-02-20,0,NA,NA,NA
2014-02-21,0,NA,NA,NA
2014-02-22,63.9,NA,NA,NA
2014-02-23,28.7,NA,NA,NA
2014-02-24,26.6,NA,NA,NA
2014-02-25,42,NA,NA,NA
2014-02-26,20.6,NA,NA,NA
2014-02-27,0.0,NA,NA,NA
2014-02-28,0.0,NA,NA,NA
2014-03-01,52.5,NA,NA,NA
2014-03-02,2.7,NA,NA,NA
2014-03-03,0,NA,NA,NA
2014-03-04,18.5,NA,NA,NA
2014-03-05,0,NA,NA,NA
2014-03-06,0,NA,NA,NA
2014-03-07,0,NA,NA,NA
2014-03-08,6.4,NA,NA,NA
2014-03-09,0,NA,NA,NA
2014-03-10,0,NA,NA,NA
2014-03-11,0,NA,NA,NA
2014-03-12,25.6,NA,NA,NA
2014-03-13,0,NA,NA,NA
2014-03-14,0,NA,NA,NA
2014-03-15,0,NA,NA,NA
2014-03-16,40.4,NA,NA,NA
2014-03-17,28.7,NA,NA,NA
2014-03-18,8.8,NA,NA,NA
2014-03-19,1.6,NA,NA,NA
2014-03-20,0,NA,NA,NA
2014-03-21,2,NA,NA,NA
2014-03-22,14,NA,NA,NA
2014-03-23,0,NA,NA,NA
2014-03-24,45.8,NA,NA,NA
2014-03-25,19.5,NA,NA,NA
2014-03-26,0.0,NA,NA,NA
2014-03-27,40.5,NA,NA,NA
2014-03-28,5.7,NA,NA,NA
2014-03-29,0.0,NA,NA,NA
2014-03-30,0.0,NA,NA,NA
2014-03-31,0.0,NA,NA,NA
2014-04-01,49,NA,NA,NA
2014-04-02,12.6,NA,NA,NA
2014-04-03,0,NA,NA,NA
2014-04-04,0,NA,NA,NA
2014-04-05,0,NA,NA,NA
2014-04-06,0,NA,NA,NA
2014-04-07,20.7,NA,NA,NA
2014-04-08,20.3,NA,NA,NA
2014-04-09,0,NA,NA,NA
2014-04-10,16,NA,NA,NA
2014-04-11,2.3,NA,NA,NA
2014-04-12,2,NA,NA,NA
2014-04-13,4,NA,NA,NA
2014-04-14,7,NA,NA,NA
2014-04-15,10,NA,NA,NA
2014-04-16,0.9,NA,NA,NA
2014-04-17,0,NA,NA,NA
2014-04-18,0,NA,NA,NA
2014-04-19,30,NA,NA,NA
2014-04-20,6.3,NA,NA,NA
2014-04-21,0,NA,NA,NA
2014-04-22,12.8,NA,NA,NA
2014-04-23,37.6,NA,NA,NA
2014-04-24,0,NA,NA,NA
2014-04-25,15.9,NA,NA,NA
2014-04-26,8.1,NA,NA,NA
2014-04-27,0.4,NA,NA,NA
2014-04-28,28.8,NA,NA,NA
2014-04-29,9.6,NA,NA,NA
2014-04-30,1.9,NA,NA,NA
2014-05-01,2.8,NA,NA,NA
2014-05-02,54.6,NA,NA,NA
2014-05-03,0.2,NA,NA,NA
2014-05-04,0,NA,NA,NA
2014-05-05,8.8,NA,NA,NA
2014-05-06,1.8,NA,NA,NA
2014-05-07,20.6,NA,NA,NA
2014-05-08,0,NA,NA,NA
2014-05-09,0.5,NA,NA,NA
2014-05-10,5.6,NA,NA,NA
2014-05-11,41.8,NA,NA,NA
2014-05-12,30.5,NA,NA,NA
2014-05-13,1.2,NA,NA,NA
2014-05-14,35,NA,NA,NA
2014-05-15,24.6,NA,NA,NA
2014-05-16,0,NA,NA,NA
2014-05-17,12.6,NA,NA,NA
2014-05-18,3.8,NA,NA,NA
2014-05-19,0,NA,NA,NA
2014-05-20,0,NA,NA,NA
2014-05-21,0,NA,NA,NA
2014-05-22,30.4,NA,NA,NA
2014-05-23,18.2,NA,NA,NA
2014-05-24,0.2,NA,NA,NA
2014-05-25,20.4,NA,NA,NA
2014-05-26,38.8,NA,NA,NA
2014-05-27,0.0,NA,NA,NA
2014-05-28,2.7,NA,NA,NA
2014-05-29,20.0,NA,NA,NA
2014-05-30,1.2,NA,NA,NA
2014-05-31,23.4,NA,NA,NA
2014-06-01,17.2,NA,NA,NA
2014-06-02,5.2,NA,NA,NA
2014-06-03,2,NA,NA,NA
2014-06-04,5.7,NA,NA,NA
2014-06-05,5.2,NA,NA,NA
2014-06-06,5.7,NA,NA,NA
2014-06-07,0,NA,NA,NA
2014-06-08,5.2,NA,NA,NA
2014-06-09,3.1,NA,NA,NA
2014-06-10,29.9,NA,NA,NA
2014-06-11,0,NA,NA,NA
2014-06-12,3.3,NA,NA,NA
2014-06-13,5.9,NA,NA,NA
2014-06-14,53.3,NA,NA,NA
2014-06-15,0.3,NA,NA,NA
2014-06-16,0,NA,NA,NA
2014-06-17,12.4,NA,NA,NA
2014-06-18,0,NA,NA,NA
2014-06-19,0,NA,NA,NA
2014-06-20,0,NA,NA,NA
2014-06-21,6.9,NA,NA,NA
2014-06-22,3.1,NA,NA,NA
2014-06-23,2.3,NA,NA,NA
2014-06-24,0,NA,NA,NA
2014-06-25,5,NA,NA,NA
2014-06-26,0.0,NA,NA,NA
2014-06-27,23.2,NA,NA,NA
2014-06-28,2.4,NA,NA,NA
2014-06-29,0.0,NA,NA,NA
2014-06-30,4.4,NA,NA,NA
2014-07-01,1.2,NA,NA,NA
2014-07-02,4.3,NA,NA,NA
2014-07-03,3.3,NA,NA,NA
2014-07-04,5.3,NA,NA,NA
2014-07-05,0.2,NA,NA,NA
2014-07-06,14.2,NA,NA,NA
2014-07-07,0,NA,NA,NA
2014-07-08,0,NA,NA,NA
2014-07-09,0,NA,NA,NA
2014-07-10,12.2,NA,NA,NA
2014-07-11,0,NA,NA,NA
2014-07-12,0,NA,NA,NA
2014-07-13,25.1,NA,NA,NA
2014-07-14,3.2,NA,NA,NA
2014-07-15,3.6,NA,NA,NA
2014-07-16,0,NA,NA,NA
2014-07-17,0,NA,NA,NA
2014-07-18,50.3,NA,NA,NA
2014-07-19,3.2,NA,NA,NA
2014-07-20,15.1,NA,NA,NA
2014-07-21,1.3,NA,NA,NA
2014-07-22,0,NA,NA,NA
2014-07-23,20.4,NA,NA,NA
2014-07-24,39.7,NA,NA,NA
2014-07-25,0,NA,NA,NA
2014-07-26,29.4,NA,NA,NA
2014-07-27,15.3,NA,NA,NA
2014-07-28,5.4,NA,NA,NA
2014-07-29,0.0,NA,NA,NA
2014-07-30,0.0,NA,NA,NA
2014-07-31,0.0,NA,NA,NA
2014-08-01,1.9,NA,NA,NA
2014-08-02,0,NA,NA,NA
2014-08-03,0,NA,NA,NA
2014-08-04,5.6,NA,NA,NA
2014-08-05,82.3,NA,NA,NA
2014-08-06,0,NA,NA,NA
2014-08-07,0,NA,NA,NA
2014-08-08,0.5,NA,NA,NA
2014-08-09,0,NA,NA,NA
2014-08-10,0,NA,NA,NA
2014-08-11,6.9,NA,NA,NA
2014-08-12,11.3,NA,NA,NA
2014-08-13,0.5,NA,NA,NA
2014-08-14,2.6,NA,NA,NA
2014-08-15,0,NA,NA,NA
2014-08-16,1.2,NA,NA,NA
2014-08-17,4,NA,NA,NA
2014-08-18,0,NA,NA,NA
2014-08-19,4,NA,NA,NA
2014-08-20,0,NA,NA,NA
2014-08-21,0,NA,NA,NA
2014-08-22,0,NA,NA,NA
2014-08-23,2.8,NA,NA,NA
2014-08-24,0,NA,NA,NA
2014-08-25,0,NA,NA,NA
2014-08-26,0.0,NA,NA,NA
2014-08-27,1.3,NA,NA,NA
2014-08-28,1.6,NA,NA,NA
2014-08-29,19.4,NA,NA,NA
2014-08-30,0.0,NA,NA,NA
2014-08-31,0.0,NA,NA,NA
2014-09-01,0,NA,NA,NA
2014-09-02,0,NA,NA,NA
2014-09-03,0,NA,NA,NA
2014-09-04,0,NA,NA,NA
2014-09-05,2.6,NA,NA,NA
2014-09-06,25.8,NA,NA,NA
2014-09-07,21.6,NA,NA,NA
2014-09-08,2.4,NA,NA,NA
2014-09-09,2,NA,NA,NA
2014-09-10,0,NA,NA,NA
2014-09-11,60.5,NA,NA,NA
2014-09-12,3.4,NA,NA,NA
2014-09-13,18.5,NA,NA,NA
2014-09-14,80.8,NA,NA,NA
2014-09-15,28.5,NA,NA,NA
2014-09-16,0.3,NA,NA,NA
2014-09-17,2.1,NA,NA,NA
2014-09-18,0,NA,NA,NA
2014-09-19,0,NA,NA,NA
2014-09-20,0,NA,NA,NA
2014-09-21,6.3,NA,NA,NA
2014-09-22,0,NA,NA,NA
2014-09-23,0,NA,NA,NA
2014-09-24,5.5,NA,NA,NA
2014-09-25,0,NA,NA,NA
2014-09-26,25.7,NA,NA,NA
2014-09-27,2.6,NA,NA,NA
2014-09-28,2.1,NA,NA,NA
2014-09-29,0.0,NA,NA,NA
2014-09-30,0.0,NA,NA,NA
2014-10-01,3.4,NA,NA,NA
2014-10-02,5.4,NA,NA,NA
2014-10-03,0,NA,NA,NA
2014-10-04,0,NA,NA,NA
2014-10-05,0,NA,NA,NA
2014-10-06,1.8,NA,NA,NA
2014-10-07,0,NA,NA,NA
2014-10-08,2.1,NA,NA,NA
2014-10-09,6.7,NA,NA,NA
2014-10-10,4.8,NA,NA,NA
2014-10-11,16.9,NA,NA,NA
2014-10-12,0,NA,NA,NA
2014-10-13,0,NA,NA,NA
2014-10-14,0,NA,NA,NA
2014-10-15,0,NA,NA,NA
2014-10-16,3.2,NA,NA,NA
2014-10-17,0,NA,NA,NA
2014-10-18,0,NA,NA,NA
2014-10-19,50.2,NA,NA,NA
2014-10-20,13.4,NA,NA,NA
2014-10-21,0,NA,NA,NA
2014-10-22,14.5,NA,NA,NA
2014-10-23,5.7,NA,NA,NA
2014-10-24,0,NA,NA,NA
2014-10-25,65.8,NA,NA,NA
2014-10-26,0.0,NA,NA,NA
2014-10-27,0.0,NA,NA,NA
2014-10-28,0.0,NA,NA,NA
2014-10-29,0.0,NA,NA,NA
2014-10-30,2.3,NA,NA,NA
2014-10-31,0.0,NA,NA,NA
2014-11-01,31.3,NA,NA,NA
2014-11-02,0,NA,NA,NA
2014-11-03,0,NA,NA,NA
2014-11-04,0,NA,NA,NA
2014-11-05,60.6,NA,NA,NA
2014-11-06,20.4,NA,NA,NA
2014-11-07,43.9,NA,NA,NA
2014-11-08,0,NA,NA,NA
2014-11-09,10.5,NA,NA,NA
2014-11-10,0,NA,NA,NA
2014-11-11,0,NA,NA,NA
2014-11-12,12.3,NA,NA,NA
2014-11-13,0,NA,NA,NA
2014-11-14,103.4,NA,NA,NA
2014-11-15,13.2,NA,NA,NA
2014-11-16,20.3,NA,NA,NA
2014-11-17,0,NA,NA,NA
2014-11-18,18.6,NA,NA,NA
2014-11-19,10.4,NA,NA,NA
2014-11-20,0,NA,NA,NA
2014-11-21,0,NA,NA,NA
2014-11-22,0,NA,NA,NA
2014-11-23,6.7,NA,NA,NA
2014-11-24,60.6,NA,NA,NA
2014-11-25,15.8,NA,NA,NA
2014-11-26,0.0,NA,NA,NA
2014-11-27,0.0,NA,NA,NA
2014-11-28,32.4,NA,NA,NA
2014-11-29,49.4,NA,NA,NA
2014-11-30,2.2,NA,NA,NA
2014-12-01,0,NA,NA,NA
2014-12-02,0,NA,NA,NA
2014-12-03,2.5,NA,NA,NA
2014-12-04,3.8,NA,NA,NA
2014-12-05,0,NA,NA,NA
2014-12-06,0,NA,NA,NA
2014-12-07,0,NA,NA,NA
2014-12-08,0,NA,NA,NA
2014-12-09,3,NA,NA,NA
2014-12-10,10.8,NA,NA,NA
2014-12-11,1.2,NA,NA,NA
2014-12-12,0,NA,NA,NA
2014-12-13,0,NA,NA,NA
2014-12-14,1.5,NA,NA,NA
2014-12-15,0.5,NA,NA,NA
2014-12-16,10.2,NA,NA,NA
2014-12-17,30,NA,NA,NA
2014-12-18,9,NA,NA,NA
2014-12-19,0,NA,NA,NA
2014-12-20,0,NA,NA,NA
2014-12-21,1.3,NA,NA,NA
2014-12-22,0,NA,NA,NA
2014-12-23,6.8,NA,NA,NA
2014-12-24,0,NA,NA,NA
2014-12-25,10.6,NA,NA,NA
2014-12-26,17.0,NA,NA,NA
2014-12-27,8.4,NA,NA,NA
2014-12-28,3.1,NA,NA,NA
2014-12-29,0.9,NA,NA,NA
2014-12-30,0.0,NA,NA,NA
2014-12-31,1.5,NA,NA,NA
2015-01-01,0,NA,NA,NA
2015-01-02,0,NA,NA,NA
2015-01-03,29.5,NA,NA,NA
2015-01-04,0,NA,NA,NA
2015-01-05,0,NA,NA,NA
2015-01-06,0,NA,NA,NA
2015-01-07,0,NA,NA,NA
2015-01-08,15.1,NA,NA,NA
2015-01-09,8.4,NA,NA,NA
2015-01-10,1.8,NA,NA,NA
2015-01-11,2.6,NA,NA,NA
2015-01-12,0.3,NA,NA,NA
2015-01-13,0,NA,NA,NA
2015-01-14,0,NA,NA,NA
2015-01-15,0,NA,NA,NA
2015-01-16,31.8,NA,NA,NA
2015-01-17,0,NA,NA,NA
2015-01-18,18,NA,NA,NA
2015-01-19,28,NA,NA,NA
2015-01-20,39.8,NA,NA,NA
2015-01-21,37.1,NA,NA,NA
2015-01-22,2.3,NA,NA,NA
2015-01-23,20.9,NA,NA,NA
2015-01-24,1.7,NA,NA,NA
2015-01-25,12,NA,NA,NA
2015-01-26,2.9,NA,NA,NA
2015-01-27,24.4,NA,NA,NA
2015-01-28,29.9,NA,NA,NA
2015-01-29,4.9,NA,NA,NA
2015-01-30,0.0,NA,NA,NA
2015-01-31,14.6,NA,NA,NA
2015-02-01,23.8,NA,NA,NA
2015-02-02,2.3,NA,NA,NA
2015-02-03,9.3,NA,NA,NA
2015-02-04,1.4,NA,NA,NA
2015-02-05,5.7,NA,NA,NA
2015-02-06,32.2,NA,NA,NA
2015-02-07,0,NA,NA,NA
2015-02-08,53.9,NA,NA,NA
2015-02-09,0,NA,NA,NA
2015-02-10,4.2,NA,NA,NA
2015-02-11,5.2,NA,NA,NA
2015-02-12,0,NA,NA,NA
2015-02-13,3.8,NA,NA,NA
2015-02-14,30.7,NA,NA,NA
2015-02-15,0,NA,NA,NA
2015-02-16,0,NA,NA,NA
2015-02-17,0,NA,NA,NA
2015-02-18,0.4,NA,NA,NA
2015-02-19,18.6,NA,NA,NA
2015-02-20,12.1,NA,NA,NA
2015-02-21,0,NA,NA,NA
2015-02-22,0,NA,NA,NA
2015-02-23,0,NA,NA,NA
2015-02-24,30.7,NA,NA,NA
2015-02-25,31.9,NA,NA,NA
2015-02-26,0.0,NA,NA,NA
2015-02-27,10.0,NA,NA,NA
2015-02-28,18.8,NA,NA,NA
2015-03-01,26.9,NA,NA,NA
2015-03-02,10.9,NA,NA,NA
2015-03-03,15.2,NA,NA,NA
2015-03-04,11.6,NA,NA,NA
2015-03-05,13.3,NA,NA,NA
2015-03-06,29.7,NA,NA,NA
2015-03-07,18.7,NA,NA,NA
2015-03-08,0,NA,NA,NA
2015-03-09,7.5,NA,NA,NA
2015-03-10,6.3,NA,NA,NA
2015-03-11,18.7,NA,NA,NA
2015-03-12,10.8,NA,NA,NA
2015-03-13,24.7,NA,NA,NA
2015-03-14,3.4,NA,NA,NA
2015-03-15,1.6,NA,NA,NA
2015-03-16,5.3,NA,NA,NA
2015-03-17,50.8,NA,NA,NA
2015-03-18,5.5,NA,NA,NA
2015-03-19,45,NA,NA,NA
2015-03-20,16.5,NA,NA,NA
2015-03-21,8.5,NA,NA,NA
2015-03-22,21.3,NA,NA,NA
2015-03-23,17.2,NA,NA,NA
2015-03-24,0,NA,NA,NA
2015-03-25,0,NA,NA,NA
2015-03-26,3.5,NA,NA,NA
2015-03-27,12.3,NA,NA,NA
2015-03-28,14.7,NA,NA,NA
2015-03-29,26.9,NA,NA,NA
2015-03-30,0.0,NA,NA,NA
2015-03-31,19.5,NA,NA,NA
2015-04-01,0,NA,NA,NA
2015-04-02,5,NA,NA,NA
2015-04-03,0,NA,NA,NA
2015-04-04,0,NA,NA,NA
2015-04-05,34.5,NA,NA,NA
2015-04-06,27.1,NA,NA,NA
2015-04-07,2.4,NA,NA,NA
2015-04-08,1,NA,NA,NA
2015-04-09,0,NA,NA,NA
2015-04-10,7.4,NA,NA,NA
2015-04-11,3.8,NA,NA,NA
2015-04-12,68.4,NA,NA,NA
2015-04-13,53.5,NA,NA,NA
2015-04-14,0,NA,NA,NA
2015-04-15,48.8,NA,NA,NA
2015-04-16,0,NA,NA,NA
2015-04-17,6.5,NA,NA,NA
2015-04-18,17,NA,NA,NA
2015-04-19,35,NA,NA,NA
2015-04-20,12.9,NA,NA,NA
2015-04-21,19.7,NA,NA,NA
2015-04-22,23.1,NA,NA,NA
2015-04-23,0,NA,NA,NA
2015-04-24,31.6,NA,NA,NA
2015-04-25,3.5,NA,NA,NA
2015-04-26,2.3,NA,NA,NA
2015-04-27,0.0,NA,NA,NA
2015-04-28,19.4,NA,NA,NA
2015-04-29,0.5,NA,NA,NA
2015-04-30,0.0,NA,NA,NA
2015-05-01,29.4,NA,NA,NA
2015-05-02,0,NA,NA,NA
2015-05-03,0,NA,NA,NA
2015-05-04,43.3,NA,NA,NA
2015-05-05,5.4,NA,NA,NA
2015-05-06,2,NA,NA,NA
2015-05-07,0,NA,NA,NA
2015-05-08,1.7,NA,NA,NA
2015-05-09,0,NA,NA,NA
2015-05-10,10,NA,NA,NA
2015-05-11,9,NA,NA,NA
2015-05-12,83.7,NA,NA,NA
2015-05-13,21.5,NA,NA,NA
2015-05-14,0,NA,NA,NA
2015-05-15,8,NA,NA,NA
2015-05-16,10,NA,NA,NA
2015-05-17,33,NA,NA,NA
2015-05-18,0,NA,NA,NA
2015-05-19,0,NA,NA,NA
2015-05-20,0,NA,NA,NA
2015-05-21,28.3,NA,NA,NA
2015-05-22,6,NA,NA,NA
2015-05-23,0,NA,NA,NA
2015-05-24,0,NA,NA,NA
2015-05-25,4.2,NA,NA,NA
2015-05-26,0.0,NA,NA,NA
2015-05-27,80.7,NA,NA,NA
2015-05-28,17.2,NA,NA,NA
2015-05-29,4.4,NA,NA,NA
2015-05-30,0.0,NA,NA,NA
2015-05-31,9.8,NA,NA,NA
2015-06-01,7.3,NA,NA,NA
2015-06-02,0,NA,NA,NA
2015-06-03,7.5,NA,NA,NA
2015-06-04,6.2,NA,NA,NA
2015-06-05,36.2,NA,NA,NA
2015-06-06,0,NA,NA,NA
2015-06-07,3.4,NA,NA,NA
2015-06-08,73.4,NA,NA,NA
2015-06-09,11.5,NA,NA,NA
2015-06-10,1,NA,NA,NA
2015-06-11,5,NA,NA,NA
2015-06-12,3.4,NA,NA,NA
2015-06-13,0,NA,NA,NA
2015-06-14,0,NA,NA,NA
2015-06-15,4.3,NA,NA,NA
2015-06-16,3.3,NA,NA,NA
2015-06-17,7.4,NA,NA,NA
2015-06-18,0.5,NA,NA,NA
2015-06-19,0,NA,NA,NA
2015-06-20,0,NA,NA,NA
2015-06-21,0,NA,NA,NA
2015-06-22,2.5,NA,NA,NA
2015-06-23,1.3,NA,NA,NA
2015-06-24,8.2,NA,NA,NA
2015-06-25,2.8,NA,NA,NA
2015-06-26,24.4,NA,NA,NA
2015-06-27,0.0,NA,NA,NA
2015-06-28,0.0,NA,NA,NA
2015-06-29,0.0,NA,NA,NA
2015-06-30,0.0,NA,NA,NA
2015-07-01,11.5,NA,NA,NA
2015-07-02,4.3,NA,NA,NA
2015-07-03,6,NA,NA,NA
2015-07-04,40.4,NA,NA,NA
2015-07-05,8.2,NA,NA,NA
2015-07-06,7.3,NA,NA,NA
2015-07-07,0,NA,NA,NA
2015-07-08,0,NA,NA,NA
2015-07-09,0,NA,NA,NA
2015-07-10,0,NA,NA,NA
2015-07-11,18,NA,NA,NA
2015-07-12,7,NA,NA,NA
2015-07-13,0,NA,NA,NA
2015-07-14,0,NA,NA,NA
2015-07-15,0,NA,NA,NA
2015-07-16,0,NA,NA,NA
2015-07-17,22.7,NA,NA,NA
2015-07-18,27.8,NA,NA,NA
2015-07-19,12,NA,NA,NA
2015-07-20,32,NA,NA,NA
2015-07-21,24,NA,NA,NA
2015-07-22,37,NA,NA,NA
2015-07-23,26,NA,NA,NA
2015-07-24,6,NA,NA,NA
2015-07-25,19,NA,NA,NA
2015-07-26,12.0,NA,NA,NA
2015-07-27,14.0,NA,NA,NA
2015-07-28,2.0,NA,NA,NA
2015-07-29,18.0,NA,NA,NA
2015-07-30,22.0,NA,NA,NA
2015-07-31,52.0,NA,NA,NA
2015-08-01,0,NA,NA,NA
2015-08-02,0,NA,NA,NA
2015-08-03,21.9,NA,NA,NA
2015-08-04,31.3,NA,NA,NA
2015-08-05,8.7,NA,NA,NA
2015-08-06,0,NA,NA,NA
2015-08-07,0,NA,NA,NA
2015-08-08,0,NA,NA,NA
2015-08-09,0,NA,NA,NA
2015-08-10,0,NA,NA,NA
2015-08-11,2.4,NA,NA,NA
2015-08-12,30,NA,NA,NA
2015-08-13,0,NA,NA,NA
2015-08-14,0,NA,NA,NA
2015-08-15,0,NA,NA,NA
2015-08-16,0,NA,NA,NA
2015-08-17,10.5,NA,NA,NA
2015-08-18,12.3,NA,NA,NA
2015-08-19,0,NA,NA,NA
2015-08-20,0,NA,NA,NA
2015-08-21,0,NA,NA,NA
2015-08-22,6.3,NA,NA,NA
2015-08-23,3.4,NA,NA,NA
2015-08-24,0,NA,NA,NA
2015-08-25,0,NA,NA,NA
2015-08-26,0.0,NA,NA,NA
2015-08-27,28.6,NA,NA,NA
2015-08-28,3.4,NA,NA,NA
2015-08-29,6.1,NA,NA,NA
2015-08-30,1.3,NA,NA,NA
2015-08-31,0.0,NA,NA,NA
2015-10-01,0,NA,NA,NA
2015-10-02,0,NA,NA,NA
2015-10-03,0,NA,NA,NA
2015-10-04,0,NA,NA,NA
2015-10-05,0,NA,NA,NA
2015-10-06,0,NA,NA,NA
2015-10-07,0,NA,NA,NA
2015-10-08,0,NA,NA,NA
2015-10-09,4,NA,NA,NA
2015-10-10,8,NA,NA,NA
2015-10-11,2,NA,NA,NA
2015-10-12,3,NA,NA,NA
2015-10-13,7.7,NA,NA,NA
2015-10-14,78.3,NA,NA,NA
2015-10-15,2.3,NA,NA,NA
2015-10-16,1.7,NA,NA,NA
2015-10-17,0.8,NA,NA,NA
2015-10-18,1.6,NA,NA,NA
2015-10-19,0,NA,NA,NA
2015-10-20,0,NA,NA,NA
2015-10-21,0,NA,NA,NA
2015-10-22,0,NA,NA,NA
2015-10-23,0,NA,NA,NA
2015-10-24,3.9,NA,NA,NA
2015-10-25,0,NA,NA,NA
2015-10-26,7.3,NA,NA,NA
2015-10-27,12.2,NA,NA,NA
2015-10-28,0.0,NA,NA,NA
2015-10-29,0.0,NA,NA,NA
2015-10-30,0.0,NA,NA,NA
2015-10-31,0.0,NA,NA,NA
2015-11-01,7.3,NA,NA,NA
2015-11-02,0.8,NA,NA,NA
2015-11-03,0,NA,NA,NA
2015-11-04,0,NA,NA,NA
2015-11-05,5.7,NA,NA,NA
2015-11-06,0,NA,NA,NA
2015-11-07,3,NA,NA,NA
2015-11-08,0,NA,NA,NA
2015-11-09,0,NA,NA,NA
2015-11-10,0,NA,NA,NA
2015-11-11,7,NA,NA,NA
2015-11-12,18,NA,NA,NA
2015-11-13,0,NA,NA,NA
2015-11-14,0,NA,NA,NA
2015-11-15,36.3,NA,NA,NA
2015-11-16,8.8,NA,NA,NA
2015-11-17,6,NA,NA,NA
2015-11-18,3.7,NA,NA,NA
2015-11-19,0,NA,NA,NA
2015-11-20,4,NA,NA,NA
2015-11-21,0,NA,NA,NA
2015-11-22,30,NA,NA,NA
2015-11-23,28,NA,NA,NA
2015-11-24,0,NA,NA,NA
2015-11-25,0,NA,NA,NA
2015-11-26,13.0,NA,NA,NA
2015-11-27,25.4,NA,NA,NA
2015-11-28,7.0,NA,NA,NA
2015-11-29,68.0,NA,NA,NA
2015-11-30,81.0,NA,NA,NA
2015-12-01,3,NA,NA,NA
2015-12-02,0,NA,NA,NA
2015-12-03,0,NA,NA,NA
2015-12-04,0,NA,NA,NA
2015-12-05,0,NA,NA,NA
2015-12-06,0,NA,NA,NA
2015-12-07,0,NA,NA,NA
2015-12-08,3.8,NA,NA,NA
2015-12-09,0,NA,NA,NA
2015-12-10,0,NA,NA,NA
2015-12-11,0,NA,NA,NA
2015-12-12,3.5,NA,NA,NA
2015-12-13,1.5,NA,NA,NA
2015-12-14,6.3,NA,NA,NA
2015-12-15,10,NA,NA,NA
2015-12-16,0,NA,NA,NA
2015-12-17,3.5,NA,NA,NA
2015-12-18,2.2,NA,NA,NA
2015-12-19,0,NA,NA,NA
2015-12-20,0,NA,NA,NA
2015-12-21,0,NA,NA,NA
2015-12-22,0,NA,NA,NA
2015-12-23,0,NA,NA,NA
2015-12-24,0,NA,NA,NA
2015-12-25,18.3,NA,NA,NA
2015-12-26,20.3,NA,NA,NA
2015-12-27,0.0,NA,NA,NA
2015-12-28,0.0,NA,NA,NA
2015-12-29,2.9,NA,NA,NA
2015-12-30,0.0,NA,NA,NA
2015-12-31,0.0,NA,NA,NA
2016-02-01,0,NA,NA,NA
2016-02-02,0,NA,NA,NA
2016-02-03,0,NA,NA,NA
2016-02-04,22,NA,NA,NA
2016-02-05,2,NA,NA,NA
2016-02-06,16.8,NA,NA,NA
2016-02-07,42.2,NA,NA,NA
2016-02-08,32,NA,NA,NA
2016-02-09,16.7,NA,NA,NA
2016-02-10,0.6,NA,NA,NA
2016-02-11,6.8,NA,NA,NA
2016-02-12,5.3,NA,NA,NA
2016-02-13,2,NA,NA,NA
2016-02-14,0,NA,NA,NA
2016-02-15,0,NA,NA,NA
2016-02-16,6.3,NA,NA,NA
2016-02-17,8.1,NA,NA,NA
2016-02-18,3.7,NA,NA,NA
2016-02-19,3.8,NA,NA,NA
2016-02-20,0,NA,NA,NA
2016-02-21,0,NA,NA,NA
2016-02-22,0,NA,NA,NA
2016-02-23,29,NA,NA,NA
2016-02-24,4,NA,NA,NA
2016-02-25,22,NA,NA,NA
2016-02-26,28.0,NA,NA,NA
2016-02-27,0.0,NA,NA,NA
2016-02-28,3.3,NA,NA,NA
2016-02-29,0.7,NA,NA,NA
2016-03-01,0,NA,NA,NA
2016-03-02,6,NA,NA,NA
2016-03-03,21,NA,NA,NA
2016-03-04,13,NA,NA,NA
2016-03-05,28,NA,NA,NA
2016-03-06,0,NA,NA,NA
2016-03-07,0,NA,NA,NA
2016-03-08,0,NA,NA,NA
2016-03-09,3,NA,NA,NA
2016-03-10,5,NA,NA,NA
2016-03-11,0,NA,NA,NA
2016-03-12,32,NA,NA,NA
2016-03-13,58.3,NA,NA,NA
2016-03-14,0,NA,NA,NA
2016-03-15,0,NA,NA,NA
2016-03-16,28,NA,NA,NA
2016-03-17,44.9,NA,NA,NA
2016-03-18,3,NA,NA,NA
2016-03-19,0,NA,NA,NA
2016-03-20,60,NA,NA,NA
2016-03-21,22,NA,NA,NA
2016-03-22,2.2,NA,NA,NA
2016-03-23,1.4,NA,NA,NA
2016-03-24,0,NA,NA,NA
2016-03-25,0,NA,NA,NA
2016-03-26,28.8,NA,NA,NA
2016-03-27,16.7,NA,NA,NA
2016-03-28,0.0,NA,NA,NA
2016-03-29,0.0,NA,NA,NA
2016-03-30,0.0,NA,NA,NA
2016-03-31,0.0,NA,NA,NA
2016-06-01,0,NA,NA,NA
2016-06-02,0,NA,NA,NA
2016-06-03,38,NA,NA,NA
2016-06-04,0,NA,NA,NA
2016-06-05,22,NA,NA,NA
2016-06-06,0,NA,NA,NA
2016-06-07,17,NA,NA,NA
2016-06-08,0,NA,NA,NA
2016-06-09,0,NA,NA,NA
2016-06-10,90.3,NA,NA,NA
2016-06-11,12.7,NA,NA,NA
2016-06-12,90.7,NA,NA,NA
2016-06-13,0,NA,NA,NA
2016-06-14,17,NA,NA,NA
2016-06-15,40.4,NA,NA,NA
2016-06-16,0,NA,NA,NA
2016-06-17,50.4,NA,NA,NA
2016-06-18,20,NA,NA,NA
2016-06-19,25,NA,NA,NA
2016-06-20,25,NA,NA,NA
2016-06-21,49.3,NA,NA,NA
2016-06-22,28,NA,NA,NA
2016-06-23,63.4,NA,NA,NA
2016-06-24,21.1,NA,NA,NA
2016-06-25,0,NA,NA,NA
2016-06-26,91.2,NA,NA,NA
2016-06-27,12.1,NA,NA,NA
2016-06-28,2.0,NA,NA,NA
2016-06-29,6.3,NA,NA,NA
2016-06-30,22.3,NA,NA,NA
2016-09-01,0,NA,NA,NA
2016-09-02,0,NA,NA,NA
2016-09-03,0,NA,NA,NA
2016-09-04,0,NA,NA,NA
2016-09-05,0,NA,NA,NA
2016-09-06,0,NA,NA,NA
2016-09-07,4.3,NA,NA,NA
2016-09-08,0,NA,NA,NA
2016-09-09,0,NA,NA,NA
2016-09-10,0,NA,NA,NA
2016-09-11,0,NA,NA,NA
2016-09-12,0,NA,NA,NA
2016-09-13,0,NA,NA,NA
2016-09-14,0,NA,NA,NA
2016-09-15,18.4,NA,NA,NA
2016-09-16,0,NA,NA,NA
2016-09-17,0,NA,NA,NA
2016-09-18,67,NA,NA,NA
2016-09-19,90,NA,NA,NA
2016-09-20,18.4,NA,NA,NA
2016-09-21,14,NA,NA,NA
2016-09-22,19.3,NA,NA,NA
2016-09-23,7.4,NA,NA,NA
2016-09-24,0,NA,NA,NA
2016-09-25,0,NA,NA,NA
2016-09-26,16.0,NA,NA,NA
2016-09-27,0.0,NA,NA,NA
2016-09-28,0.0,NA,NA,NA
2016-09-29,0.0,NA,NA,NA
2016-09-30,0.0,NA,NA,NA
2016-10-01,18,NA,NA,NA
2016-10-02,36,NA,NA,NA
2016-10-03,0,NA,NA,NA
2016-10-04,0,NA,NA,NA
2016-10-05,0,NA,NA,NA
2016-10-06,0,NA,NA,NA
2016-10-07,83,NA,NA,NA
2016-10-08,0,NA,NA,NA
2016-10-09,47,NA,NA,NA
2016-10-10,0,NA,NA,NA
2016-10-11,0,NA,NA,NA
2016-10-12,0,NA,NA,NA
2016-10-13,3,NA,NA,NA
2016-10-14,5,NA,NA,NA
2016-10-15,0,NA,NA,NA
2016-10-16,0,NA,NA,NA
2016-10-17,0,NA,NA,NA
2016-10-18,0,NA,NA,NA
2016-10-19,10,NA,NA,NA
2016-10-20,120,NA,NA,NA
2016-10-21,0,NA,NA,NA
2016-10-22,0,NA,NA,NA
2016-10-23,0,NA,NA,NA
2016-10-24,28,NA,NA,NA
2016-10-25,19,NA,NA,NA
2016-10-26,0.0,NA,NA,NA
2016-10-27,0.0,NA,NA,NA
2016-10-28,0.0,NA,NA,NA
2016-10-29,0.0,NA,NA,NA
2016-10-30,0.0,NA,NA,NA
2016-10-31,0.0,NA,NA,NA
2016-11-01,0,NA,NA,NA
2016-11-02,23,NA,NA,NA
2016-11-03,32,NA,NA,NA
2016-11-04,13,NA,NA,NA
2016-11-05,0,NA,NA,NA
2016-11-06,0,NA,NA,NA
2016-11-07,0,NA,NA,NA
2016-11-08,50,NA,NA,NA
2016-11-09,43.9,NA,NA,NA
2016-11-10,0,NA,NA,NA
2016-11-11,0,NA,NA,NA
2016-11-12,0,NA,NA,NA
2016-11-13,81.7,NA,NA,NA
2016-11-14,4,NA,NA,NA
2016-11-15,1.5,NA,NA,NA
2016-11-16,0,NA,NA,NA
2016-11-17,93.3,NA,NA,NA
2016-11-18,16.2,NA,NA,NA
2016-11-19,101.8,NA,NA,NA
2016-11-20,14.6,NA,NA,NA
2016-11-21,0,NA,NA,NA
2016-11-22,0,NA,NA,NA
2016-11-23,0,NA,NA,NA
2016-11-24,15.3,NA,NA,NA
2016-11-25,0,NA,NA,NA
2016-11-26,13.0,NA,NA,NA
2016-11-27,12.0,NA,NA,NA
2016-11-28,93.0,NA,NA,NA
2016-11-29,0.0,NA,NA,NA
2016-11-30,13.3,NA,NA,NA
2017-05-01,0,NA,NA,NA
2017-05-02,3,NA,NA,NA
2017-05-03,0,NA,NA,NA
2017-05-04,6.3,NA,NA,NA
2017-05-05,0,NA,NA,NA
2017-05-06,6.7,NA,NA,NA
2017-05-07,22.3,NA,NA,NA
2017-05-08,6.3,NA,NA,NA
2017-05-09,30.7,NA,NA,NA
2017-05-10,16,NA,NA,NA
2017-05-11,4.3,NA,NA,NA
2017-05-12,9.2,NA,NA,NA
2017-05-13,0,NA,NA,NA
2017-05-14,13,NA,NA,NA
2017-05-15,0,NA,NA,NA
2017-05-16,0,NA,NA,NA
2017-05-17,0,NA,NA,NA
2017-05-18,6.4,NA,NA,NA
2017-05-19,3.2,NA,NA,NA
2017-05-20,7.3,NA,NA,NA
2017-05-21,3,NA,NA,NA
2017-05-22,NA,NA,NA,NA
2017-05-23,NA,NA,NA,NA
2017-05-24,NA,NA,NA,NA
2017-05-25,NA,NA,NA,NA
2017-05-26,NA,NA,NA,NA
2017-05-27,NA,NA,NA,NA
2017-05-28,NA,NA,NA,NA
2017-05-29,NA,NA,NA,NA
2017-05-30,NA,NA,NA,NA
2017-05-31,NA,NA,NA,NA
2017-06-01,0,NA,NA,NA
2017-06-02,5.4,NA,NA,NA
2017-06-03,7.4,NA,NA,NA
2017-06-04,33,NA,NA,NA
2017-06-05,0,NA,NA,NA
2017-06-06,0,NA,NA,NA
2017-06-07,0,NA,NA,NA
2017-06-08,30.2,NA,NA,NA
2017-06-09,0,NA,NA,NA
2017-06-10,27.7,NA,NA,NA
2017-06-11,0,NA,NA,NA
2017-06-12,0,NA,NA,NA
2017-06-13,0,NA,NA,NA
2017-06-14,3,NA,NA,NA
2017-06-15,0,NA,NA,NA
2017-06-16,0,NA,NA,NA
2017-06-17,0,NA,NA,NA
2017-06-18,0,NA,NA,NA
2017-06-19,44,NA,NA,NA
2017-06-20,47.7,NA,NA,NA
2017-06-21,2,NA,NA,NA
2017-06-22,0,NA,NA,NA
2017-06-23,0,NA,NA,NA
2017-06-24,0,NA,NA,NA
2017-06-25,0,NA,NA,NA
2017-06-26,0.0,NA,NA,NA
2017-06-27,6.4,NA,NA,NA
2017-06-28,0.0,NA,NA,NA
2017-06-29,0.0,NA,NA,NA
2017-06-30,30.7,NA,NA,NA
2017-08-01,0,NA,NA,NA
2017-08-02,0,NA,NA,NA
2017-08-03,0,NA,NA,NA
2017-08-04,0,NA,NA,NA
2017-08-05,0,NA,NA,NA
2017-08-06,0,NA,NA,NA
2017-08-07,0,NA,NA,NA
2017-08-08,0,NA,NA,NA
2017-08-09,0,NA,NA,NA
2017-08-10,0,NA,NA,NA
2017-08-11,0,NA,NA,NA
2017-08-12,0,NA,NA,NA
2017-08-13,0,NA,NA,NA
2017-08-14,0,NA,NA,NA
2017-08-15,0,NA,NA,NA
2017-08-16,0,NA,NA,NA
2017-08-17,0,NA,NA,NA
2017-08-18,0,NA,NA,NA
2017-08-19,0,NA,NA,NA
2017-08-20,22,NA,NA,NA
2017-08-21,0,NA,NA,NA
2017-08-22,51,NA,NA,NA
2017-08-23,0,NA,NA,NA
2017-08-24,56.7,NA,NA,NA
2017-08-25,0,NA,NA,NA
2017-08-26,0.0,NA,NA,NA
2017-08-27,0.0,NA,NA,NA
2017-08-28,93.7,NA,NA,NA
2017-08-29,27.7,NA,NA,NA
2017-08-30,13.8,NA,NA,NA
2017-08-31,0.0,NA,NA,NA
2017-09-01,33,NA,NA,NA
2017-09-02,28,NA,NA,NA
2017-09-03,32,NA,NA,NA
2017-09-04,6.4,NA,NA,NA
2017-09-05,0,NA,NA,NA
2017-09-06,3,NA,NA,NA
2017-09-07,0,NA,NA,NA
2017-09-08,31,NA,NA,NA
2017-09-09,0,NA,NA,NA
2017-09-10,11,NA,NA,NA
2017-09-11,0,NA,NA,NA
2017-09-12,0,NA,NA,NA
2017-09-13,17,NA,NA,NA
2017-09-14,47,NA,NA,NA
2017-09-15,85.2,NA,NA,NA
2017-09-16,24.6,NA,NA,NA
2017-09-17,0,NA,NA,NA
2017-09-18,0,NA,NA,NA
2017-09-19,0,NA,NA,NA
2017-09-20,0,NA,NA,NA
2017-09-21,0,NA,NA,NA
2017-09-22,0,NA,NA,NA
2017-09-23,0,NA,NA,NA
2017-09-24,7.1,NA,NA,NA
2017-09-25,0,NA,NA,NA
2017-09-26,0.0,NA,NA,NA
2017-09-27,0.0,NA,NA,NA
2017-09-28,0.0,NA,NA,NA
2017-09-29,63.2,NA,NA,NA
2017-09-30,24.3,NA,NA,NA
2017-10-01,0,NA,NA,NA
2017-10-02,0,NA,NA,NA
2017-10-03,0,NA,NA,NA
2017-10-04,0,NA,NA,NA
2017-10-05,0,NA,NA,NA
2017-10-06,0,NA,NA,NA
2017-10-07,0,NA,NA,NA
2017-10-08,0,NA,NA,NA
2017-10-09,0,NA,NA,NA
2017-10-10,12,NA,NA,NA
2017-10-11,0,NA,NA,NA
2017-10-12,0,NA,NA,NA
2017-10-13,56,NA,NA,NA
2017-10-14,13,NA,NA,NA
2017-10-15,10,NA,NA,NA
2017-10-16,8,NA,NA,NA
2017-10-17,2,NA,NA,NA
2017-10-18,0,NA,NA,NA
2017-10-19,0,NA,NA,NA
2017-10-20,14,NA,NA,NA
2017-10-21,133,NA,NA,NA
2017-10-22,20.2,NA,NA,NA
2017-10-23,3,NA,NA,NA
2017-10-24,0,NA,NA,NA
2017-10-25,0,NA,NA,NA
2017-10-26,7.0,NA,NA,NA
2017-10-27,0.0,NA,NA,NA
2017-10-28,0.0,NA,NA,NA
2017-10-29,0.0,NA,NA,NA
2017-10-30,0.0,NA,NA,NA
2017-10-31,63.0,NA,NA,NA
2017-11-01,94.3,NA,NA,NA
2017-11-02,36.5,NA,NA,NA
2017-11-03,2,NA,NA,NA
2017-11-04,165,NA,NA,NA
2017-11-05,39.2,NA,NA,NA
2017-11-06,3,NA,NA,NA
2017-11-07,0,NA,NA,NA
2017-11-08,7,NA,NA,NA
2017-11-09,27.4,NA,NA,NA
2017-11-10,22.9,NA,NA,NA
2017-11-11,0,NA,NA,NA
2017-11-12,0,NA,NA,NA
2017-11-13,63.4,NA,NA,NA
2017-11-14,11.7,NA,NA,NA
2017-11-15,8,NA,NA,NA
2017-11-16,39,NA,NA,NA
2017-11-17,12.4,NA,NA,NA
2017-11-18,15.3,NA,NA,NA
2017-11-19,2.3,NA,NA,NA
2017-11-20,26.6,NA,NA,NA
2017-11-21,7,NA,NA,NA
2017-11-22,4,NA,NA,NA
2017-11-23,30.3,NA,NA,NA
2017-11-24,16.6,NA,NA,NA
2017-11-25,0,NA,NA,NA
2017-11-26,3.1,NA,NA,NA
2017-11-27,0.0,NA,NA,NA
2017-11-28,0.0,NA,NA,NA
2017-11-29,7.6,NA,NA,NA
2017-11-30,0.0,NA,NA,NA
2017-12-01,19,NA,NA,NA
2017-12-02,9,NA,NA,NA
2017-12-03,42,NA,NA,NA
2017-12-04,76,NA,NA,NA
2017-12-05,7,NA,NA,NA
2017-12-06,6,NA,NA,NA
2017-12-07,0,NA,NA,NA
2017-12-08,0,NA,NA,NA
2017-12-09,0,NA,NA,NA
2017-12-10,0,NA,NA,NA
2017-12-11,0,NA,NA,NA
2017-12-12,9,NA,NA,NA
2017-12-13,8.7,NA,NA,NA
2017-12-14,0,NA,NA,NA
2017-12-15,0,NA,NA,NA
2017-12-16,0,NA,NA,NA
2017-12-17,22.4,NA,NA,NA
2017-12-18,7,NA,NA,NA
2017-12-19,0,NA,NA,NA
2017-12-20,28,NA,NA,NA
2017-12-21,3,NA,NA,NA
2017-12-22,6,NA,NA,NA
2017-12-23,10.3,NA,NA,NA
2017-12-24,13,NA,NA,NA
2017-12-25,24,NA,NA,NA
2017-12-26,18.0,NA,NA,NA
2017-12-27,0.0,NA,NA,NA
2017-12-28,0.0,NA,NA,NA
2017-12-29,4.0,NA,NA,NA
2017-12-30,7.3,NA,NA,NA
2017-12-31,96.7,NA,NA,NA
2018-01-01,56.6,NA,NA,NA
2018-01-02,4,NA,NA,NA
2018-01-03,7,NA,NA,NA
2018-01-04,26.3,NA,NA,NA
2018-01-05,12,NA,NA,NA
2018-01-06,3,NA,NA,NA
2018-01-07,0,NA,NA,NA
2018-01-08,9.8,NA,NA,NA
2018-01-09,2.9,NA,NA,NA
2018-01-10,27.7,NA,NA,NA
2018-01-11,31.3,NA,NA,NA
2018-01-12,10.1,NA,NA,NA
2018-01-13,13,NA,NA,NA
2018-01-14,9.9,NA,NA,NA
2018-01-15,2.1,NA,NA,NA
2018-01-16,2.4,NA,NA,NA
2018-01-17,27.6,NA,NA,NA
2018-01-18,21.3,NA,NA,NA
2018-01-19,13.7,NA,NA,NA
2018-01-20,2.5,NA,NA,NA
2018-01-21,13.3,NA,NA,NA
2018-01-22,28.2,NA,NA,NA
2018-01-23,68.1,NA,NA,NA
2018-01-24,108.8,NA,NA,NA
2018-01-25,6.4,NA,NA,NA
2018-01-26,3.0,NA,NA,NA
2018-01-27,1.3,NA,NA,NA
2018-01-28,24.7,NA,NA,NA
2018-01-29,15.5,NA,NA,NA
2018-01-30,0.0,NA,NA,NA
2018-01-31,0.6,NA,NA,NA
2018-02-01,0,NA,NA,NA
2018-02-02,39,NA,NA,NA
2018-02-03,0,NA,NA,NA
2018-02-04,0,NA,NA,NA
2018-02-05,0,NA,NA,NA
2018-02-06,0,NA,NA,NA
2018-02-07,0,NA,NA,NA
2018-02-08,0,NA,NA,NA
2018-02-09,0,NA,NA,NA
2018-02-10,0,NA,NA,NA
2018-02-11,38,NA,NA,NA
2018-02-12,0,NA,NA,NA
2018-02-13,7.3,NA,NA,NA
2018-02-14,0,NA,NA,NA
2018-02-15,0,NA,NA,NA
2018-02-16,18.3,NA,NA,NA
2018-02-17,0,NA,NA,NA
2018-02-18,23.2,NA,NA,NA
2018-02-19,9,NA,NA,NA
2018-02-20,0,NA,NA,NA
2018-02-21,0,NA,NA,NA
2018-02-22,0,NA,NA,NA
2018-02-23,7,NA,NA,NA
2018-02-24,24,NA,NA,NA
2018-02-25,0,NA,NA,NA
2018-02-26,3.4,NA,NA,NA
2018-02-27,12.0,NA,NA,NA
2018-02-28,51.6,NA,NA,NA
2018-03-01,48,NA,NA,NA
2018-03-02,15,NA,NA,NA
2018-03-03,24,NA,NA,NA
2018-03-04,0,NA,NA,NA
2018-03-05,0,NA,NA,NA
2018-03-06,0,NA,NA,NA
2018-03-07,0,NA,NA,NA
2018-03-08,0,NA,NA,NA
2018-03-09,0,NA,NA,NA
2018-03-10,0,NA,NA,NA
2018-03-11,0,NA,NA,NA
2018-03-12,0,NA,NA,NA
2018-03-13,0,NA,NA,NA
2018-03-14,0,NA,NA,NA
2018-03-15,3,NA,NA,NA
2018-03-16,18.8,NA,NA,NA
2018-03-17,0,NA,NA,NA
2018-03-18,0,NA,NA,NA
2018-03-19,0,NA,NA,NA
2018-03-20,0,NA,NA,NA
2018-03-21,0,NA,NA,NA
2018-03-22,64.3,NA,NA,NA
2018-03-23,93.7,NA,NA,NA
2018-03-24,0,NA,NA,NA
2018-03-25,26.1,NA,NA,NA
2018-03-26,65.8,NA,NA,NA
2018-03-27,6.3,NA,NA,NA
2018-03-28,85.9,NA,NA,NA
2018-03-29,43.0,NA,NA,NA
2018-03-30,0.0,NA,NA,NA
2018-03-31,0.0,NA,NA,NA
2018-04-01,13,NA,NA,NA
2018-04-02,67.6,NA,NA,NA
2018-04-03,13.2,NA,NA,NA
2018-04-04,0,NA,NA,NA
2018-04-05,68,NA,NA,NA
2018-04-06,35,NA,NA,NA
2018-04-07,43.9,NA,NA,NA
2018-04-08,72.3,NA,NA,NA
2018-04-09,35.1,NA,NA,NA
2018-04-10,2,NA,NA,NA
2018-04-11,0,NA,NA,NA
2018-04-12,44.7,NA,NA,NA
2018-04-13,75.3,NA,NA,NA
2018-04-14,8.6,NA,NA,NA
2018-04-15,2,NA,NA,NA
2018-04-16,90,NA,NA,NA
2018-04-17,53,NA,NA,NA
2018-04-18,76.7,NA,NA,NA
2018-04-19,9,NA,NA,NA
2018-04-20,7,NA,NA,NA
2018-04-21,2.4,NA,NA,NA
2018-04-22,47,NA,NA,NA
2018-04-23,15.6,NA,NA,NA
2018-04-24,68.7,NA,NA,NA
2018-04-25,61.5,NA,NA,NA
2018-04-26,18.7,NA,NA,NA
2018-04-27,12.4,NA,NA,NA
2018-04-28,0.0,NA,NA,NA
2018-04-29,8.3,NA,NA,NA
2018-04-30,0.0,NA,NA,NA
2018-05-01,0,NA,NA,NA
2018-05-02,24.3,NA,NA,NA
2018-05-03,3.3,NA,NA,NA
2018-05-04,0,NA,NA,NA
2018-05-05,0,NA,NA,NA
2018-05-06,87,NA,NA,NA
2018-05-07,9.6,NA,NA,NA
2018-05-08,0,NA,NA,NA
2018-05-09,0,NA,NA,NA
2018-05-10,8.3,NA,NA,NA
2018-05-11,0,NA,NA,NA
2018-05-12,14.3,NA,NA,NA
2018-05-13,11.2,NA,NA,NA
2018-05-14,0,NA,NA,NA
2018-05-15,17.4,NA,NA,NA
2018-05-16,0,NA,NA,NA
2018-05-17,0,NA,NA,NA
2018-05-18,0,NA,NA,NA
2018-05-19,12,NA,NA,NA
2018-05-20,15.7,NA,NA,NA
2018-05-21,15,NA,NA,NA
2018-05-22,14.5,NA,NA,NA
2018-05-23,16.2,NA,NA,NA
2018-05-24,29.2,NA,NA,NA
2018-05-25,13.3,NA,NA,NA
2018-05-26,7.0,NA,NA,NA
2018-05-27,0.0,NA,NA,NA
2018-05-28,0.0,NA,NA,NA
2018-05-29,19.4,NA,NA,NA
2018-05-30,23.0,NA,NA,NA
2018-05-31,0.0,NA,NA,NA
2018-06-01,2,NA,NA,NA
2018-06-02,4,NA,NA,NA
2018-06-03,6.3,NA,NA,NA
2018-06-04,0,NA,NA,NA
2018-06-05,0,NA,NA,NA
2018-06-06,0,NA,NA,NA
2018-06-07,0,NA,NA,NA
2018-06-08,3.3,NA,NA,NA
2018-06-09,0,NA,NA,NA
2018-06-10,6.2,NA,NA,NA
2018-06-11,6.5,NA,NA,NA
2018-06-12,0,NA,NA,NA
2018-06-13,0,NA,NA,NA
2018-06-14,12.4,NA,NA,NA
2018-06-15,37.4,NA,NA,NA
2018-06-16,56.5,NA,NA,NA
2018-06-17,25.4,NA,NA,NA
2018-06-18,13.1,NA,NA,NA
2018-06-19,0,NA,NA,NA
2018-06-20,0,NA,NA,NA
2018-06-21,8.3,NA,NA,NA
2018-06-22,4.2,NA,NA,NA
2018-06-23,6.3,NA,NA,NA
2018-06-24,4.8,NA,NA,NA
2018-06-25,3.2,NA,NA,NA
2018-06-26,24.0,NA,NA,NA
2018-06-27,18.2,NA,NA,NA
2018-06-28,0.0,NA,NA,NA
2018-06-29,0.0,NA,NA,NA
2018-06-30,33.0,NA,NA,NA
2018-07-01,0,NA,NA,NA
2018-07-02,0,NA,NA,NA
2018-07-03,0,NA,NA,NA
2018-07-04,25,NA,NA,NA
2018-07-05,0,NA,NA,NA
2018-07-06,0,NA,NA,NA
2018-07-07,6,NA,NA,NA
2018-07-08,16,NA,NA,NA
2018-07-09,2,NA,NA,NA
2018-07-10,0,NA,NA,NA
2018-07-11,0,NA,NA,NA
2018-07-12,0,NA,NA,NA
2018-07-13,16,NA,NA,NA
2018-07-14,15,NA,NA,NA
2018-07-15,0,NA,NA,NA
2018-07-16,27,NA,NA,NA
2018-07-17,13.5,NA,NA,NA
2018-07-18,0,NA,NA,NA
2018-07-19,0.7,NA,NA,NA
2018-07-20,0,NA,NA,NA
2018-07-21,0,NA,NA,NA
2018-07-22,23,NA,NA,NA
2018-07-23,28,NA,NA,NA
2018-07-24,0,NA,NA,NA
2018-07-25,7,NA,NA,NA
2018-07-26,0.0,NA,NA,NA
2018-07-27,0.0,NA,NA,NA
2018-07-28,12.0,NA,NA,NA
2018-07-29,27.0,NA,NA,NA
2018-07-30,0.0,NA,NA,NA
2018-07-31,7.0,NA,NA,NA
2018-08-01,0,NA,NA,NA
2018-08-02,0,NA,NA,NA
2018-08-03,30,NA,NA,NA
2018-08-04,6,NA,NA,NA
2018-08-05,3,NA,NA,NA
2018-08-06,0,NA,NA,NA
2018-08-07,0,NA,NA,NA
2018-08-08,16,NA,NA,NA
2018-08-09,0,NA,NA,NA
2018-08-10,0,NA,NA,NA
2018-08-11,0,NA,NA,NA
2018-08-12,27,NA,NA,NA
2018-08-13,3,NA,NA,NA
2018-08-14,0,NA,NA,NA
2018-08-15,14,NA,NA,NA
2018-08-16,0,NA,NA,NA
2018-08-17,8,NA,NA,NA
2018-08-18,0,NA,NA,NA
2018-08-19,0,NA,NA,NA
2018-08-20,0,NA,NA,NA
2018-08-21,0,NA,NA,NA
2018-08-22,0,NA,NA,NA
2018-08-23,0,NA,NA,NA
2018-08-24,9,NA,NA,NA
2018-08-25,3,NA,NA,NA
2018-08-26,2.0,NA,NA,NA
2018-08-27,0.0,NA,NA,NA
2018-08-28,0.0,NA,NA,NA
2018-08-29,0.0,NA,NA,NA
2018-08-30,0.0,NA,NA,NA
2018-08-31,0.0,NA,NA,NA
2018-09-01,0,NA,NA,NA
2018-09-02,7.7,NA,NA,NA
2018-09-03,0,NA,NA,NA
2018-09-04,0,NA,NA,NA
2018-09-05,18.4,NA,NA,NA
2018-09-06,13.7,NA,NA,NA
2018-09-07,2.3,NA,NA,NA
2018-09-08,0,NA,NA,NA
2018-09-09,0,NA,NA,NA
2018-09-10,0,NA,NA,NA
2018-09-11,14.8,NA,NA,NA
2018-09-12,0,NA,NA,NA
2018-09-13,0,NA,NA,NA
2018-09-14,0,NA,NA,NA
2018-09-15,0,NA,NA,NA
2018-09-16,0,NA,NA,NA
2018-09-17,0,NA,NA,NA
2018-09-18,0,NA,NA,NA
2018-09-19,23.3,NA,NA,NA
2018-09-20,0,NA,NA,NA
2018-09-21,0,NA,NA,NA
2018-09-22,0,NA,NA,NA
2018-09-23,0,NA,NA,NA
2018-09-24,0,NA,NA,NA
2018-09-25,0,NA,NA,NA
2018-09-26,0.0,NA,NA,NA
2018-09-27,16.0,NA,NA,NA
2018-09-28,0.0,NA,NA,NA
2018-09-29,97.3,NA,NA,NA
2018-09-30,0.0,NA,NA,NA
2018-10-01,16,NA,NA,NA
2018-10-02,0,NA,NA,NA
2018-10-03,0,NA,NA,NA
2018-10-04,23,NA,NA,NA
2018-10-05,17.2,NA,NA,NA
2018-10-06,8.7,NA,NA,NA
2018-10-07,0,NA,NA,NA
2018-10-08,3.6,NA,NA,NA
2018-10-09,7.4,NA,NA,NA
2018-10-10,0,NA,NA,NA
2018-10-11,0,NA,NA,NA
2018-10-12,0,NA,NA,NA
2018-10-13,4.4,NA,NA,NA
2018-10-14,3.7,NA,NA,NA
2018-10-15,0,NA,NA,NA
2018-10-16,0,NA,NA,NA
2018-10-17,5,NA,NA,NA
2018-10-18,0,NA,NA,NA
2018-10-19,0,NA,NA,NA
2018-10-20,0,NA,NA,NA
2018-10-21,14,NA,NA,NA
2018-10-22,0,NA,NA,NA
2018-10-23,0,NA,NA,NA
2018-10-24,0,NA,NA,NA
2018-10-25,0,NA,NA,NA
2018-10-26,10.5,NA,NA,NA
2018-10-27,0.0,NA,NA,NA
2018-10-28,12.3,NA,NA,NA
2018-10-29,15.0,NA,NA,NA
2018-10-30,0.0,NA,NA,NA
2018-10-31,0.0,NA,NA,NA
2018-11-01,20,NA,NA,NA
2018-11-02,8.3,NA,NA,NA
2018-11-03,31.1,NA,NA,NA
2018-11-04,30,NA,NA,NA
2018-11-05,21,NA,NA,NA
2018-11-06,66.7,NA,NA,NA
2018-11-07,90.9,NA,NA,NA
2018-11-08,42.1,NA,NA,NA
2018-11-09,3,NA,NA,NA
2018-11-10,0,NA,NA,NA
2018-11-11,0,NA,NA,NA
2018-11-12,0,NA,NA,NA
2018-11-13,13,NA,NA,NA
2018-11-14,0,NA,NA,NA
2018-11-15,22,NA,NA,NA
2018-11-16,32,NA,NA,NA
2018-11-17,0,NA,NA,NA
2018-11-18,0,NA,NA,NA
2018-11-19,0.5,NA,NA,NA
2018-11-20,79.4,NA,NA,NA
2018-11-21,16.3,NA,NA,NA
2018-11-22,8.7,NA,NA,NA
2018-11-23,2.3,NA,NA,NA
2018-11-24,7,NA,NA,NA
2018-11-25,29,NA,NA,NA
2018-11-26,14.0,NA,NA,NA
2018-11-27,8.0,NA,NA,NA
2018-11-28,74.0,NA,NA,NA
2018-11-29,NA,NA,NA,NA
2018-11-30,NA,NA,NA,NA
2018-12-01,18.6,NA,NA,NA
2018-12-02,18,NA,NA,NA
2018-12-03,10.4,NA,NA,NA
2018-12-04,66.6,NA,NA,NA
2018-12-05,25,NA,NA,NA
2018-12-06,0,NA,NA,NA
2018-12-07,5,NA,NA,NA
2018-12-08,4,NA,NA,NA
2018-12-09,6,NA,NA,NA
2018-12-10,15,NA,NA,NA
2018-12-11,29,NA,NA,NA
2018-12-12,4,NA,NA,NA
2018-12-13,13,NA,NA,NA
2018-12-14,8,NA,NA,NA
2018-12-15,0,NA,NA,NA
2018-12-16,0,NA,NA,NA
2018-12-17,0,NA,NA,NA
2018-12-18,44,NA,NA,NA
2018-12-19,82,NA,NA,NA
2018-12-20,32,NA,NA,NA
2018-12-21,13,NA,NA,NA
2018-12-22,0,NA,NA,NA
2018-12-23,0,NA,NA,NA
2018-12-24,0,NA,NA,NA
2018-12-25,19,NA,NA,NA
2018-12-26,27.0,NA,NA,NA
2018-12-27,3.0,NA,NA,NA
2018-12-28,0.0,NA,NA,NA
2018-12-29,0.0,NA,NA,NA
2018-12-30,0.0,NA,NA,NA
2018-12-31,NA,NA,NA,NA
